CASE_ID,ACCIDENT_YEAR,PROC_DATE,JURIS,COLLISION_DATE,COLLISION_TIME,OFFICER_ID,REPORTING_DISTRICT,DAY_OF_WEEK,CHP_SHIFT,POPULATION,CNTY_CITY_LOC,SPECIAL_COND,BEAT_TYPE,CHP_BEAT_TYPE,CITY_DIVISION_LAPD,CHP_BEAT_CLASS,BEAT_NUMBER,PRIMARY_RD,SECONDARY_RD,DISTANCE,DIRECTION,INTERSECTION,WEATHER_1,WEATHER_2,STATE_HWY_IND,CALTRANS_COUNTY,CALTRANS_DISTRICT,STATE_ROUTE,ROUTE_SUFFIX,POSTMILE_PREFIX,POSTMILE,LOCATION_TYPE,RAMP_INTERSECTION,SIDE_OF_HWY,TOW_AWAY,COLLISION_SEVERITY,NUMBER_KILLED,NUMBER_INJURED,PARTY_COUNT,PRIMARY_COLL_FACTOR,PCF_CODE_OF_VIOL,PCF_VIOL_CATEGORY,PCF_VIOLATION,PCF_VIOL_SUBSECTION,HIT_AND_RUN,TYPE_OF_COLLISION,MVIW,PED_ACTION,ROAD_SURFACE,ROAD_COND_1,ROAD_COND_2,LIGHTING,CONTROL_DEVICE,CHP_ROAD_TYPE,PEDESTRIAN_ACCIDENT,BICYCLE_ACCIDENT,MOTORCYCLE_ACCIDENT,TRUCK_ACCIDENT,NOT_PRIVATE_PROPERTY,ALCOHOL_INVOLVED,STWD_VEHTYPE_AT_FAULT,CHP_VEHTYPE_AT_FAULT,COUNT_SEVERE_INJ,COUNT_VISIBLE_INJ,COUNT_COMPLAINT_PAIN,COUNT_PED_KILLED,COUNT_PED_INJURED,COUNT_BICYCLIST_KILLED,COUNT_BICYCLIST_INJURED,COUNT_MC_KILLED,COUNT_MC_INJURED,PRIMARY_RAMP,SECONDARY_RAMP,LATITUDE,LONGITUDE,COUNTY,CITY,POINT_X,POINT_Y
9185440,2020,2020-12-11,3501,2020-09-06,0118,11060,3501,7,5,4,3501,0,0,0,,0,GRA,"SUMMER DR","SOUTH ST",0.00,,N,A,-,N,,,,,,,,,,Y,4,0,1,3,A,-,08,22107,,N,C,E,A,A,H,-,C,D,0,,,,,Y,Y,A,01,0,0,1,0,0,0,0,0,0,"- ","- ",,,"SAN BENITO",HOLLISTER,-121.41979217529297,36.848949432373047
91861439,2022,2022-09-12,9725,2022-09-01,1720,020276,,4,2,9,3500,0,1,3,,1,051,SR-25,"CIENEGA RD.",1800.00,S,N,A,-,Y,SBT,,25,,,38.085,H,,R,Y,3,0,1,1,A,-,03,22350,,N,E,I,A,A,H,-,A,D,0,,,,,Y,,A,01,0,1,0,0,0,0,0,0,0,"- ","- ",36.708198547363281,-121.27644348144531,"SAN BENITO",UNINCORPORATED,-121.27631378173828,36.708213806152344
91873742,2022,2022-09-26,9725,2022-09-21,0932,022880,,3,1,4,3501,0,3,5,,2,007,"RIVER PARKWAY","SAN BENITO STREET",40.00,W,N,A,-,N,,,,,,,,,,N,4,0,1,2,A,-,03,22350,,N,C,C,A,A,H,-,A,A,0,,,,,Y,,A,07,0,0,1,0,0,0,0,0,0,"- ","- ",36.836009979248047,-121.40306854248047,"SAN BENITO",HOLLISTER,-121.40234375,36.843601226806641
91884173,2022,2022-10-06,9725,2022-09-27,1739,022985,,2,2,4,3501,0,1,3,,2,053,SR-156,"BIXBY ROAD",1320.00,W,N,A,-,Y,SBT,,156,,,5.251,H,,R,N,4,0,1,3,A,-,09,21804,A,N,D,C,A,A,H,-,A,D,0,,,,,Y,,D,22,0,0,1,0,0,0,0,0,0,"- ","- ",36.841388702392578,-121.49356079101562,"SAN BENITO",HOLLISTER,-121.49356079101562,36.841388702392578
91887160,2022,2022-10-11,9725,2022-10-04,1032,019215,,2,1,9,3500,0,1,3,,2,055,SR-156,"BARNHEISEL ROAD",634.00,W,N,A,-,Y,SBT,,156,,R,18.208,H,,R,N,3,0,1,2,A,-,05,21460,A,F,A,C,A,A,H,-,A,D,0,,,,Y,Y,,-,99,0,1,0,0,0,0,0,0,0,"- ","- ",36.956661224365234,-121.38343811035156,"SAN BENITO",UNINCORPORATED,-121.38350677490234,36.956649780273438
91887709,2022,2022-10-11,9725,2022-10-07,0700,022608,,5,1,9,3500,0,1,3,,1,054,"SR-25 NORTHBOUND","SHORE ROAD",1584.00,S,N,E,-,Y,SBT,,25,,,57.460,H,,R,Y,3,0,2,3,A,-,03,22350,,N,C,C,A,B,H,-,A,D,0,,,,,Y,,D,22,0,2,0,0,0,0,0,0,0,"- ","- ",36.928970336914062,-121.47119140625,"SAN BENITO",UNINCORPORATED,-121.47122192382812,36.928932189941406
91900759,2022,2022-10-27,9725,2022-10-16,1850,022985,,7,2,4,3501,0,1,3,,1,054,"SR-25 SOUTHBOUND",SR-156,150.00,S,N,A,-,Y,SBT,,25,,,53.941,H,,L,N,4,0,1,2,A,-,07,21658,A,N,B,C,A,A,H,-,C,D,0,,,,,Y,,A,01,0,0,1,0,0,0,0,0,0,"- ","- ",36.894340515136719,-121.42613220214844,"SAN BENITO",HOLLISTER,-121.42613220214844,36.894340515136719
91903950,2022,2022-10-28,9725,2022-09-21,1545,020120,,3,2,9,3500,0,3,5,,2,005,"FRAZIER LAKE RD.","SHORE RD.",50.00,N,N,A,-,N,,,,,,,,,,N,4,0,2,2,A,-,03,22350,,F,C,C,A,A,H,-,A,D,0,,,,,Y,,A,01,0,0,2,0,0,0,0,0,0,"- ","- ",36.938560485839844,-121.45686340332031,"SAN BENITO",UNINCORPORATED,-121.45665740966797,36.938697814941406
91911205,2022,2022-11-07,9725,2022-10-26,1400,022985,,3,2,4,3501,0,2,4,,1,052,"SHORE ROAD","LAKE ROAD",792.00,E,N,A,-,N,,,,,,,,,,N,4,0,1,1,A,-,08,22107,,N,E,I,A,A,H,-,A,D,0,,,,,Y,,A,01,0,0,1,0,0,0,0,0,0,"- ","- ",36.942909240722656,-121.44377899169922,"SAN BENITO",HOLLISTER,-122.39707183837891,40.858955383300781
91915097,2022,2022-11-10,9725,2022-11-03,1040,018458,,4,1,9,3500,0,1,2,,1,056,"US-101 N/B","BETABEL RD",1920.00,S,N,B,-,Y,SBT,,101,,,6.003,H,,R,Y,3,0,1,2,A,-,17,23114,A,N,E,J,A,A,H,-,A,D,0,,,Y,,Y,,D,22,0,1,0,0,0,0,0,0,1,"- ","- ",36.897659301757812,-121.55631256103516,"SAN BENITO",UNINCORPORATED,-121.55638122558594,36.897659301757812
91917510,2022,2022-11-14,9725,2022-11-11,0935,022571,,5,1,9,3500,0,2,4,,1,052,"SHORE RD",SR-25,15.00,E,N,A,-,N,,,,,,,,,,N,4,0,1,2,A,-,03,22350,,N,C,C,A,A,H,-,A,D,0,,,,,Y,,A,01,0,0,1,0,0,0,0,0,0,"- ","- ",36.931659698486328,-121.47634124755859,"SAN BENITO",UNINCORPORATED,-121.47654724121094,36.931472778320312
91920096,2022,2022-11-17,9725,2022-11-05,1801,022880,,6,2,9,3500,0,2,4,,1,052,"FAIRVIEW ROAD","FALLON ROAD",4527.00,S,N,A,-,N,,,,,,,,,,Y,2,0,1,2,A,-,06,21750,A,F,C,C,A,A,H,-,D,D,0,,,,,Y,,-,99,1,0,0,0,0,0,0,0,0,"- ","- ",36.889629364013672,-121.36370086669922,"SAN BENITO",UNINCORPORATED,-121.36366271972656,36.889823913574219
91920750,2022,2022-11-17,9725,2022-11-04,1540,022339,,5,2,9,3500,0,1,3,,2,053,"SR-156 W/B","BUENA VISTA RD",1380.00,W,N,B,-,Y,SBT,,156,,R,8.652,H,,L,N,4,0,1,2,A,-,03,22350,,N,C,C,A,A,H,-,A,D,0,,,,,Y,,A,01,0,0,1,0,0,0,0,0,0,"- ","- ",36.860340118408203,-121.44619750976562,"SAN BENITO",UNINCORPORATED,-121.4461669921875,36.860328674316406
91931492,2022,2022-12-01,9725,2022-09-29,1610,022339,,4,2,9,3500,0,3,5,,2,005,"FRAZIER LAKE ROAD","SHORE ROAD",7392.00,N,N,A,-,N,,,,,,,,,,Y,1,1,0,2,A,-,05,21460,A,N,D,C,A,A,H,-,A,D,0,,,Y,,Y,,C,02,0,0,0,0,0,0,0,1,0,"- ","- ",36.952079772949219,-121.47454071044922,"SAN BENITO",UNINCORPORATED,-121.47517395019531,36.952003479003906
91934492,2022,2022-12-05,9725,2022-12-02,0105,022827,,5,3,9,3500,0,1,2,,1,056,"US-101 N/B","SAN JUAN RD",3696.00,N,N,B,-,Y,SBT,,101,,,0.903,H,,R,N,4,0,1,1,A,-,08,22107,,N,E,I,A,A,H,-,D,D,0,,,,,Y,,A,01,0,0,1,0,0,0,0,0,0,"- ","- ",36.862709045410156,-121.61553192138672,"SAN BENITO",UNINCORPORATED,-121.61552429199219,36.862743377685547
91968901,2023,2023-01-16,9725,2023-01-03,1900,022985,,2,2,4,3501,0,1,3,,1,054,"SR-25 NORTHBOUND","HUDNER LANE",792.00,N,N,B,-,Y,SBT,,25," "," ",55.258,H,,R,N,4,0,1,2,A,-,08,22107,,M,B,C,A,A,H,-,D,D,0,,,,,Y,,-,99,0,0,1,0,0,0,0,0,0,"- ","- ",36.909339904785156,-121.44065856933594,"SAN BENITO",HOLLISTER,-121.44073486328125,36.909294128417969
91969495,2023,2023-01-17,9725,2023-01-08,1904,022985,,7,2,9,3500,0,1,3,,1,130,"SR-25 NORTHBOUND","BOLSA ROAD",0.00,,Y,B,-,Y,SCL,,25," "," ",0.650,H,,R,N,4,0,2,2,A,-,09,21802,A,N,D,C,A,B,H,-,D,A,0,,,,,Y,,A,01,0,0,2,0,0,0,0,0,0,"- ","- ",36.950721740722656,-121.52329254150391,"SAN BENITO",UNINCORPORATED,-121.52330780029297,36.950675964355469
91975523,2023,2023-01-24,9725,2023-01-19,1513,021811,,4,2,9,3500,0,1,3,,1,051,SR-25,"QUIEN SABE RD",10.00,N,N,A,-,Y,SBT,,25," "," ",44.342,H,,R,Y,4,0,1,2,A,-,03,22350,,F,C,C,A,A,H,-,A,D,0,,,,,Y,,D,22,0,0,1,0,0,0,0,0,0,"- ","- ",36.7877197265625,-121.31680297851562,"SAN BENITO",UNINCORPORATED,-121.31678771972656,36.787731170654297
91999224,2023,2023-02-21,9725,2023-02-17,1735,021321,,5,2,9,3500,0,1,3,,1,130,"STATE ROUTE 25","BOLSA ROAD",500.00,N,N,A,-,Y,SCL,,25," "," ",0.763,H,,R,N,4,0,2,2,A,-,08,22107,,N,D,C,A,A,H,-,A,D,0,,,,,Y,,A,07,0,0,2,0,0,0,0,0,0,"- ","- ",36.951328277587891,-121.52519989013672,"SAN BENITO",UNINCORPORATED,-121.52518463134766,36.95135498046875
92016593,2023,2023-03-13,9725,2023-03-04,1430,022112,,6,2,9,3500,0,1,2,,1,056,"US-101 N/B","BETABEL ROAD",2640.00,N,N,B,-,Y,SBT,,101," ",R,7.459,H,,R,Y,4,0,1,2,A,-,03,22350,,N,C,2,A,B,H,-,A,A,0,,,,,Y,,A,07,0,0,1,0,0,0,0,0,0,"- ","- ",36.916400909423828,-121.54847717285156,"SAN BENITO",UNINCORPORATED,-121.54846954345703,36.916397094726562
92021450,2023,2023-03-17,9725,2023-03-15,1725,023192,,3,2,9,3500,0,1,3,,1,160,"SR-152 E/B","CANADA ROAD",460.00,E,N,A,-,N,,,,,,,,,,Y,3,0,2,3,A,-,03,22350,,N,C,C,A,A,H,-,A,D,0,,,,,Y,,A,01,0,2,0,0,0,0,0,0,0,"- ","- ",37.004970550537109,-121.50991821289062,"SAN BENITO",UNINCORPORATED,,
92026712,2023,2023-08-24,9725,2023-03-12,"500 ",022836,,7,3,9,3500,0,1,S,,2,904,"US-101 N/B","DUNBARTON ROAD",1584.00,N,N,G,-,Y,MON,,101," "," ",100.677,H,,R,Y,4,0,1,2,A,-,01,23152,A,F,B,C,A,A,H,-,D,D,0,,,,,Y,Y,A,01,0,0,1,0,0,0,0,0,0,"- ","- ",36.849338531494141,-121.63603973388672,"SAN BENITO",UNINCORPORATED,-121.63602447509766,36.849338531494141
92043070,2023,2023-04-12,9725,2023-04-05,1430,021321,,3,2,9,3500,0,1,3,,1,054,"STATE ROUTE 25","STATE ROUTE 156",3696.00,N,N,A,-,Y,SBT,,25," "," ",54.737,H,,R,N,4,0,4,3,A,-,08,22107,,N,A,C,A,A,H,-,A,D,0,,,,,Y,,D,22,0,0,4,0,0,0,0,0,0,"- ","- ",36.903369903564453,-121.43502044677734,"SAN BENITO",UNINCORPORATED,-121.43498992919922,36.903392791748047
92049270,2023,2023-04-20,9725,2023-04-16,"355 ",022873,,7,3,9,3500,0,1,3,,2,055,SR-156,"FAIRVIEW RD",1320.00,W,N,A,-,Y,SBT,,156," ",R,12.674,H,,R,Y,3,0,1,2,A,-,08,22107,,N,D,C,A,A,H,-,D,D,0,,,,,Y,,A,01,0,1,0,0,0,0,0,0,0,"- ","- ",36.907638549804688,-121.4136962890625,"SAN BENITO",UNINCORPORATED,-121.41370391845703,36.907608032226562
9205136,2020,2021-02-18,3501,2020-12-06,1847,11096,3501,7,5,4,3501,0,0,0,,0,GRA,"MERIDIAN ST","CHAPPELL RD",0.00,,Y,A,-,N,,,,,,,,,,N,4,0,1,2,A,-,17,21451,A,N,D,C,A,A,H,-,C,A,0,,,,,Y,,D,22,0,0,1,0,0,0,0,0,0,"- ","- ",,,"SAN BENITO",HOLLISTER,-121.39673614501953,36.852191925048828
92060380,2023,2023-05-03,9725,2023-04-25,1410,022112,,2,2,9,3500,0,1,2,,2,011,"US-101 N/B","10TH STREET",1320.00,N,N,A,-,Y,SCL,,101," ",R,6.100,H,,R,N,4,0,1,2,A,-,03,22350,,N,C,C,A,A,H,-,A,D,0,,,,,Y,,A,01,0,0,1,0,0,0,0,0,0,"- ","- ",37.003391265869141,-121.55628967285156,"SAN BENITO",UNINCORPORATED,-121.55641174316406,37.003364562988281
92068730,2023,2023-05-15,9725,2023-05-07,1655,022339,,7,2,4,3501,0,3,5,,2,007,"UNION ROAD","UNION HEIGHTS DR",850.00,S,N,A,-,N,,,,,,,,,,N,4,0,1,1,A,-,08,22107,,N,E,I,A,A,H,-,A,D,0,,,,,Y,,A,01,0,0,1,0,0,0,0,0,0,"- ","- ",36.826091766357422,-121.42825317382812,"SAN BENITO",HOLLISTER,-121.42835235595703,36.826141357421875
92081210,2023,2023-05-30,9725,2023-05-24,2055,021321,,3,2,9,3500,0,3,5,,2,007,"SOUTHSIDE ROAD","VINEYARD ESTATES DR",20.00,S,N,A,-,N,,,,,,,,,,N,3,0,1,1,A,-,03,22350,,N,E,I,A,A,H,-,D,D,0,,,,,Y,,A,01,0,1,0,0,0,0,0,0,0,"- ","- ",36.788311004638672,-121.36115264892578,"SAN BENITO",UNINCORPORATED,,
92088242,2023,2023-06-07,9725,2023-05-26,1840,022112,,5,2,9,3500,0,1,2,,1,056,"US-101 SB",SR-156,1056.00,N,N,A,-,Y,SBT,,101," ",R,3.491,H,,L,N,3,0,2,2,A,-,03,22350,,N,C,C,A,A,H,-,A,A,0,,,,,Y,,A,07,0,1,1,0,0,0,0,0,0,"- ","- ",36.866069793701172,-121.57549285888672,"SAN BENITO",UNINCORPORATED,-121.57545471191406,36.866054534912109
92099046,2023,2023-06-21,9725,2023-06-19,1355,021321,,1,1,9,3500,0,1,2,,1,056,"US-101 NORTHBOUND",SR-129,10.00,N,N,A,-,Y,SBT,,101," ",R,4.902,H,,R,N,4,0,1,3,A,-,03,22350,,N,C,C,A,A,H,-,A,D,0,,,,,Y,,A,01,0,0,1,0,0,0,0,0,0,"- ","- ",36.882579803466797,-121.56147766113281,"SAN BENITO",UNINCORPORATED,-121.56144714355469,36.882568359375
92100340,2023,2023-06-23,9725,2023-06-11,"0   ",022985,,7,3,4,3501,0,1,3,,1,054,SR-25,"BOLSA ROAD",6072.00,S,N,A,-,Y,SBT,,25," "," ",59.557,H,,R,Y,2,0,1,2,A,-,01,23152,A,N,C,C,A,A,H,-,D,D,0,,,Y,,Y,Y,C,02,1,0,0,0,0,0,0,0,1,"- ","- ",36.944400787353516,-121.50389099121094,"SAN BENITO",HOLLISTER,-121.50390625,36.944381713867188
92108665,2023,2023-07-03,9725,2023-06-30,1640,022827,,5,2,9,3500,0,1,2,,1,056,"US-101 S/B","CANNON RD",80.00,N,N,A,-,Y,SBT,,101," "," ",1.647,H,,L,N,4,0,2,2,A,-,03,22350,,N,C,C,A,A,H,-,A,D,0,,,,,Y,,A,01,0,0,2,0,0,0,0,0,0,"- ","- ",36.859958648681641,-121.60378265380859,"SAN BENITO",UNINCORPORATED,-121.60379791259766,36.859855651855469
92113085,2023,2023-07-10,9725,2023-07-08,"755 ",022339,,6,1,9,3500,0,1,3,,2,053,"SR-156 E/B","BIXBY RD",330.00,W,N,A,-,N,,,,,,,,,,Y,4,0,2,2,A,-,08,22107,,N,B,C,A,A,H,-,A,D,0,,,,,Y,,D,22,0,0,2,0,0,0,0,0,0,"- ","- ",36.841438293457031,-121.49172973632812,"SAN BENITO",UNINCORPORATED,-121.49172973632812,36.841426849365234
92120580,2023,2023-07-19,9725,2023-07-14,1600,021321,,5,2,9,3500,0,3,5,,2,007,"CIENEGA RD","HIDDEN VALLEY RD",7920.00,S,N,A,-,N,,,,,,,,,,N,3,0,1,1,C,-,18,,,N,E,I,A,A,H,-,A,D,0,,,,Y,Y,,-,"- ",0,1,0,0,0,0,0,0,0,"- ","- ",36.786991119384766,-121.40347290039062,"SAN BENITO",UNINCORPORATED,-121.40370941162109,36.786457061767578
92122876,2023,2023-07-21,9730,2023-07-15,1553,021358,,6,2,9,3500,0,1,S,,2,904,US-101,"CANNON ROAD",300.00,N,N,A,-,Y,SBT,,101," "," ",1.730,H,,L,Y,3,0,2,2,A,-,03,22350,,N,C,C,A,A,H,-,A,D,0,,,,,Y,,A,01,0,1,1,0,0,0,0,0,0,"- ","- ",36.859699249267578,-121.60236358642578,"SAN BENITO",UNINCORPORATED,-121.60235595703125,36.859718322753906
92145051,2023,2023-08-16,9725,2023-08-10,"600 ",018458,,4,1,9,3500,0,1,3,,2,053,SR-156,"US-101 N/B TO SR-156 E/B",0.00,,Y,B,-,Y,SBT,,156," "," ",0.048,H,,R,Y,4,0,2,2,A,-,09,21802,A,N,D,C,A,A,H,-,C,A,0,,,,,Y,,A,01,0,0,2,0,0,0,0,0,0,"- ","- ",36.861320495605469,-121.57839202880859,"SAN BENITO",UNINCORPORATED,-121.578369140625,36.861351013183594
92146766,2023,2023-09-11,9725,2023-06-09,"800 ",019331,,5,1,9,3500,0,1,3,,1,054,"STATE ROUTE 25","MCCONNELL RD",173.00,N,N,A,-,Y,SBT,,25," "," ",53.689,H,,R,Y,1,1,0,2,A,-,06,21755,A,N,A,C,A,A,D,-,A,D,0,,,Y,Y,Y,,C,02,0,0,0,0,0,0,0,1,0,"- ","- ",36.891448974609375,-121.42314147949219,"SAN BENITO",UNINCORPORATED,-121.42324066162109,36.891384124755859
92165055,2023,2023-09-07,9725,2023-09-05,"715 ",019331,,2,1,9,3500,0,1,3,,2,053,SR-156,"FLINT RD",2112.00,W,N,A,-,Y,SBT,,156," "," ",5.989,H,,R,Y,4,0,1,3,A,-,03,22350,,N,C,C,A,A,H,-,A,D,0,,,,,Y,,A,01,0,0,1,0,0,0,0,0,0,"- ","- ",36.841529846191406,-121.48027801513672,"SAN BENITO",UNINCORPORATED,-121.48027801513672,36.841537475585938
92173569,2023,2023-09-19,9725,2023-09-11,"555 ",019215,,1,3,9,3500,0,1,3,,2,055,"SR-156 E/B","FAIRVIEW ROAD",200.00,W,N,A,-,Y,SBT,,156," ",R,16.489,H,,R,N,4,0,3,2,A,-,03,22350,,N,C,C,A,A,H,-,C,A,0,,,,,Y,,A,01,0,0,3,0,0,0,0,0,0,"- ","- ",36.932430267333984,-121.38835144042969,"SAN BENITO",UNINCORPORATED,-121.38838195800781,36.93243408203125
92176019,2023,2023-09-21,9725,2023-09-02,1730,022112,,6,2,9,3500,0,3,5,,2,005,"FRAZER LAKE RD","SHORE ROAD",15.00,N,N,A,-,N,,,,,,,,,,N,4,0,1,2,A,-,03,22350,,F,C,C,A,A,H,-,A,A,0,,,,,Y,,-,99,0,0,1,0,0,0,0,0,0,"- ","- ",36.938758850097656,-121.45673370361328,"SAN BENITO",UNINCORPORATED,-121.44640350341797,36.942207336425781
92188756,2023,2023-10-03,9725,2023-09-21,"640 ",019215,,4,1,9,3500,0,2,4,,1,052,"FAIRVIEW ROAD","COMSTOCK ROAD",739.00,S,N,A,-,N,,,,,,,,,,Y,4,0,1,2,A,-,09,21804,A,N,C,C,A,A,H,-,B,D,0,,,,,Y,,M,46,0,0,1,0,0,0,0,0,0,"- ","- ",36.918449401855469,-121.37074279785156,"SAN BENITO",UNINCORPORATED,-121.37080383300781,36.918529510498047
92205031,2023,2023-10-20,9725,2023-09-17,1550,022339,,7,2,9,3500,0,1,3,,1,054,"NEW IDRIA ROAD","PANOCHE ROAD",63360.00,S,N,A,-,N,,,,,,,,,,Y,1,1,0,1,A,-,08,22107,,N,F,D,A,A,H,-,A,D,0,,,Y,,Y,,C,06,0,0,0,0,0,0,0,1,0,"- ","- ",36.466510772705078,-121.72949981689453,"SAN BENITO",UNINCORPORATED,-120.76490783691406,36.476783752441406
92222800,2023,2023-10-30,9725,2023-10-18,2250,023169,,3,3,9,3500,0,1,3,,1,054,"SR-25 S/B","HUDNER LANE",230.00,S,N,A,-,Y,SBT,,25," "," ",55.083,H,,L,Y,4,0,1,2,A,-,08,22107,,N,C,C,A,A,H,-,D,D,0,,,,,Y,Y,A,01,0,0,1,0,0,0,0,0,0,"- ","- ",36.907268524169922,-121.43885040283203,"SAN BENITO",UNINCORPORATED,-121.43878173828125,36.907310485839844
92223094,2023,2023-10-31,9725,2023-10-28,1500,022827,,6,2,9,3500,0,1,3,,2,053,SR-156,SR-25,6864.00,W,N,A,-,Y,SBT,,156," ",R,10.096,H,,R,Y,4,0,1,2,A,-,08,22107,,N,D,C,A,A,H,-,A,D,0,,,,Y,Y,,A,01,0,0,1,0,0,0,0,0,0,"- ","- ",36.878250122070312,-121.43463897705078,"SAN BENITO",UNINCORPORATED,-121.43462371826172,36.878238677978516
92231332,2023,2023-11-08,9725,2023-11-01,"520 ",023415,,3,3,9,3500,0,1,3,,2,055,"SR-156 W/B","SAN FELIPE RD",1584.00,W,N,A,-,Y,SBT,,156," ",R,12.794,H,,L,Y,4,0,1,2,A,-,09,21801,A,N,D,C,A,A,H,-,D,D,0,,,,,Y,,A,07,0,0,1,0,0,0,0,0,0,"- ","- ",36.907611846923828,-121.41152191162109,"SAN BENITO",UNINCORPORATED,-121.41152191162109,36.907585144042969
9223263,2021,2021-03-29,3501,2021-01-08,1419,01493,3501,5,5,4,3501,0,0,0,,0,,"NASH RD","MONTEREY ST",9.00,W,N,A,-,N,,,,,,,,,,Y,3,0,1,1,A,-,08,22107,,N,E,I,A,A,H,-,A,A,0,,,,,Y,,D,22,0,1,0,0,0,0,0,0,0,"- ","- ",,,"SAN BENITO",HOLLISTER,-121.40435028076172,36.839832305908203
92264794,2023,2023-12-18,9725,2023-12-14,1830,023415,,4,2,9,3500,0,1,2,,1,056,"US-101 S/B","BETABEL RD",2112.00,S,N,A,-,Y,SBT,,101," ",R,6.824,H,,L,Y,3,0,1,1,A,-,08,22107,,N,E,I,A,A,H,-,D,D,0,,,,,Y,,A,01,0,1,0,0,0,0,0,0,0,"- ","- ",36.909439086914062,-121.55583190917969,"SAN BENITO",UNINCORPORATED,-121.55593109130859,36.909481048583984
92278309,2023,2024-01-03,9725,2023-12-25,1923,023169,,1,2,9,3500,0,1,3,,2,053,"SR-156 W/B","BUENA VISTA RD",0.00,,Y,B,-,Y,SBT,,156," ",R,8.920,H,,L,Y,2,0,1,2,A,-,09,21802,A,N,D,C,A,A,H,-,C,A,0,,,Y,,Y,,C,02,1,0,0,0,0,0,0,0,1,"- ","- ",36.863780975341797,-121.44405364990234,"SAN BENITO",UNINCORPORATED,-121.44403839111328,36.863777160644531
92310247,2024,2024-02-09,9725,2024-02-06,"319 ",022869,,2,3,9,3500,0,1,2,,1,056,"US-101 N/B","SAN JUAN ROAD",3696.00,N,N,B,-,Y,SBT,,101," "," ",0.862,H,,R,Y,4,0,1,1,A,-,08,22107,,N,E,I,A,B,H,-,D,D,0,,,,,Y,,A,01,0,0,1,0,0,0,0,0,0,"- ","- ",36.862758636474609,-121.6162109375,"SAN BENITO",UNINCORPORATED,-121.6162109375,36.862789154052734
92346220,2024,2024-03-25,9725,2024-03-10,1154,022985,,7,1,4,3501,0,3,5,,2,007,"UNION RD","CIENEGA RD",0.00,,Y,B,-,N,,,,,,,,,,N,4,0,2,3,A,-,08,22107,,N,D,2,A,A,H,-,A,D,0,,,,,Y,,A,01,0,0,2,0,0,0,0,0,0,"- ","- ",36.825290679931641,-121.40339660644531,"SAN BENITO",HOLLISTER,-121.40000915527344,36.827739715576172
92366601,2024,2024-04-17,9725,2024-04-07,1538,023370,,7,2,9,3500,0,1,2,,1,056,"US-101 N/B","BETABEL RD",1056.00,S,N,A,-,Y,SBT,,101," "," ",6.374,H,,R,Y,3,0,1,2,A,-,03,22350,,N,C,C,A,A,H,-,A,D,0,,,,,Y,,D,22,0,1,0,0,0,0,0,0,0,"- ","- ",36.903060913085938,-121.55654907226562,"SAN BENITO",UNINCORPORATED,-121.55655670166016,36.903060913085938
92383792,2024,2024-05-07,9725,2024-05-03,"915 ",022836,,5,1,9,3500,0,1,3,,2,053,SR-156,"BIXBY ROAD",845.00,W,N,A,-,Y,SBT,,156," "," ",5.256,H,,R,Y,3,0,1,3,A,-,03,22350,,N,C,C,A,A,H,-,A,D,0,,,,Y,Y,,F,26,0,1,0,0,0,0,0,0,0,"- ","- ",36.84136962890625,-121.49347686767578,"SAN BENITO",UNINCORPORATED,-121.49347686767578,36.841392517089844
92384188,2024,2024-05-07,9725,2024-04-28,"244 ",022869,,7,3,9,3500,0,3,5,,2,005,"SAN FELIPE RD",SR-156,3168.00,S,N,A,-,N,,,,,,,,,,Y,4,0,1,1,A,-,01,23152,A,N,E,8,A,A,H,-,D,D,0,,,,,Y,Y,A,01,0,0,1,0,0,0,0,0,0,"- ","- ",36.899188995361328,-121.40213012695312,"SAN BENITO",UNINCORPORATED,-121.40234375,36.899265289306641
92427176,2024,2024-07-01,9725,2024-06-20,1910,022869,,4,2,9,3500,0,1,3,,1,051,"SR-25 N/B","MURPHY RD",528.00,S,N,A,-,Y,SBT,,25," "," ",40.582,H,,R,Y,4,0,1,1,A,-,01,23152,A,N,E,I,A,A,H,-,A,D,0,,,,,Y,Y,A,01,0,0,1,0,0,0,0,0,0,"- ","- ",36.743808746337891,-121.28054809570312,"SAN BENITO",UNINCORPORATED,-121.280517578125,36.743812561035156