CASE_ID,ACCIDENT_YEAR,PROC_DATE,JURIS,COLLISION_DATE,COLLISION_TIME,OFFICER_ID,REPORTING_DISTRICT,DAY_OF_WEEK,CHP_SHIFT,POPULATION,CNTY_CITY_LOC,SPECIAL_COND,BEAT_TYPE,CHP_BEAT_TYPE,CITY_DIVISION_LAPD,CHP_BEAT_CLASS,BEAT_NUMBER,PRIMARY_RD,SECONDARY_RD,DISTANCE,DIRECTION,INTERSECTION,WEATHER_1,WEATHER_2,STATE_HWY_IND,CALTRANS_COUNTY,CALTRANS_DISTRICT,STATE_ROUTE,ROUTE_SUFFIX,POSTMILE_PREFIX,POSTMILE,LOCATION_TYPE,RAMP_INTERSECTION,SIDE_OF_HWY,TOW_AWAY,COLLISION_SEVERITY,NUMBER_KILLED,NUMBER_INJURED,PARTY_COUNT,PRIMARY_COLL_FACTOR,PCF_CODE_OF_VIOL,PCF_VIOL_CATEGORY,PCF_VIOLATION,PCF_VIOL_SUBSECTION,HIT_AND_RUN,TYPE_OF_COLLISION,MVIW,PED_ACTION,ROAD_SURFACE,ROAD_COND_1,ROAD_COND_2,LIGHTING,CONTROL_DEVICE,CHP_ROAD_TYPE,PEDESTRIAN_ACCIDENT,BICYCLE_ACCIDENT,MOTORCYCLE_ACCIDENT,TRUCK_ACCIDENT,NOT_PRIVATE_PROPERTY,ALCOHOL_INVOLVED,STWD_VEHTYPE_AT_FAULT,CHP_VEHTYPE_AT_FAULT,COUNT_SEVERE_INJ,COUNT_VISIBLE_INJ,COUNT_COMPLAINT_PAIN,COUNT_PED_KILLED,COUNT_PED_INJURED,COUNT_BICYCLIST_KILLED,COUNT_BICYCLIST_INJURED,COUNT_MC_KILLED,COUNT_MC_INJURED,PRIMARY_RAMP,SECONDARY_RAMP,LATITUDE,LONGITUDE,COUNTY,CITY,POINT_X,POINT_Y
9557350,2023,2023-04-20,3501,2023-02-04,1237,11140,3501,6,5,4,3501,0,0,0,,0,DAY,"CREST RD","MEMORIAL DR",0.00,,Y,B,-,N,,,,,,,,,,Y,3,0,3,2,A,-,12,22450,A,N,D,C,A,A,H,-,A,A,0,,,,,Y,Y,D,22,0,1,2,0,0,0,0,0,0,"- ","- ",,,"SAN BENITO",HOLLISTER,-121.383808,36.847512000000002
9557357,2023,2023-04-20,3501,2023-02-06,1222,01493,3501,1,5,4,3501,0,0,0,,0,DAY,"INDUSTRIAL DR","GIBBS DR",448.00,N,N,A,-,N,,,,,,,,,,Y,3,0,2,2,A,-,03,22350,,N,C,C,A,A,H,-,A,D,0,,,,,Y,,A,01,0,1,1,0,0,0,0,0,0,"- ","- ",,,"SAN BENITO",HOLLISTER,-121.39179229736328,36.845668792724609
9558549,2023,2023-03-17,3501,2023-01-31,"800 ",01493,3501,2,5,4,3501,0,0,0,,0,DAY,"MCCRAY ST","4TH ST",0.00,,Y,A,-,N,,,,,,,,,,Y,4,0,2,2,A,-,12,21453,A,N,D,D,A,A,H,-,A,A,0,,,,,Y,,A,01,0,0,2,0,0,0,0,0,0,"- ","- ",,,"SAN BENITO",HOLLISTER,-121.39898681640625,36.852443695068359
9575472,2023,2023-04-20,3501,2023-02-08,"832 ",11099,3501,3,5,4,3501,0,0,0,,0,DAY,"MERIDIAN ST","LIGHT POLE 1235",70.00,E,N,A,-,N,,,,,,,,,,N,3,0,1,2,A,-,09,21804,A,N,A,C,A,A,H,-,A,D,0,,,,,Y,Y,M,94,0,1,0,0,0,0,0,0,0,"- ","- ",,,"SAN BENITO",HOLLISTER,,
9587385,2023,2023-06-09,3501,2023-03-19,1625,10925,3501,7,5,4,3501,0,0,0,,0,DAY,"COLLEGE ST","5TH ST",0.00,,Y,A,-,N,,,,,,,,,,Y,4,0,1,2,A,-,09,21804,A,N,D,C,A,A,H,-,A,A,0,,,,,Y,,D,22,0,0,1,0,0,0,0,0,0,"- ","- ",,,"SAN BENITO",HOLLISTER,-121.40935516357422,36.851650238037109
9587791,2023,2023-06-09,3501,2023-04-23,2018,11013,3501,7,5,4,3501,0,0,0,,0,GRA,"RAJKOVICH WY","4TH ST",0.00,,Y,A,-,N,,,,,,,,,,Y,3,0,2,2,A,-,09,21804,A,N,D,C,A,A,H,-,C,D,0,,,,,Y,,A,01,0,1,1,0,0,0,0,0,0,"- ","- ",,,"SAN BENITO",HOLLISTER,-121.41874,36.852969000000002
9614103,2023,2023-09-25,3501,2023-07-02,1322,11162,3501,7,5,4,3501,0,0,0,,0,DAY,"MERIDIAN ST","MONTE CARLO DR",590.00,E,N,A,-,N,,,,,,,,,,Y,4,0,2,2,A,-,09,21804,A,N,D,D,A,A,H,-,A,D,0,,,,,Y,,A,07,0,0,2,0,0,0,0,0,0,"- ","- ",,,"SAN BENITO",HOLLISTER,-121.38640594482422,36.851833343505859
9614105,2023,2023-10-11,3501,2023-07-29,"719 ",11140,3501,6,5,4,3501,0,0,0,,0,DAY,"BLACK FOREST DR","SUNNYSLOPE LN",16.00,N,N,A,-,N,,,,,,,,,,N,3,0,1,2,A,-,09,21801,A,N,B,-,A,A,H,-,A,D,0,,Y,,,Y,,A,01,0,1,0,0,0,0,1,0,0,"- ","- ",,,"SAN BENITO",HOLLISTER,-121.38917541503906,36.839244842529297
9625236,2023,2023-10-16,3501,2023-08-05,"42  ",11123,3501,6,5,4,3501,0,0,0,,0,GRA,"AIRLINE HWY","UNION RD",0.00,,Y,A,-,Y,SBT,5,25,-,-,48.790,H,-,S,Y,3,0,1,1,A,-,03,22350,,N,F,J,A,A,H,-,D,D,0,,,,,Y,,A,01,0,1,0,0,0,0,0,0,0,"- ","- ",,,"SAN BENITO",HOLLISTER,-121.3798828125,36.824699401855469
9625755,2023,2023-10-16,3501,2023-08-25,1854,11125,3501,5,5,4,3501,0,0,0,,0,GRA,"SAN FELIPE RD","NORTH ST",0.00,,Y,A,-,N,,,,,,,,,,Y,4,0,2,2,A,-,12,21453,A,N,A,C,A,A,H,-,A,A,0,,,,,Y,,A,01,0,0,2,0,0,0,0,0,0,"- ","- ",,,"SAN BENITO",HOLLISTER,-121.40191650390625,36.856674194335938
9647471,2023,2024-01-02,3501,2023-10-12,"913 ",01493,3501,4,5,4,3501,0,0,0,,0,DAY,"MONTEREY ST","HAWKINS ST",0.00,,Y,A,-,N,,,,,,,,,,N,4,0,2,2,A,-,09,21802,A,N,D,D,A,A,H,-,A,A,0,,,,,Y,,D,22,0,0,2,0,0,0,0,0,0,"- ","- ",,,"SAN BENITO",HOLLISTER,-121.40399932861328,36.846431732177734
9647682,2023,2023-12-16,3501,2023-10-20,2111,11162,3501,5,5,4,3501,0,0,0,,0,GRA,"MEMORIAL DR","HILLSCREST RD",0.00,,Y,A,-,N,,,,,,,,,,N,4,0,2,2,A,-,09,21802,A,F,D,D,A,A,H,-,C,A,0,,,,,Y,,A,07,0,0,2,0,0,0,0,0,0,"- ","- ",,,"SAN BENITO",HOLLISTER,-121.38375854492188,36.847492218017578
9666392,2024,2024-04-05,3501,2024-02-20,1554,11211,3501,2,5,4,3501,0,0,0,,0,DAY,"SALLY ST","PALM ST",117.00,S,N,C,-,N,,,,,,,,,,N,4,0,1,2,A,-,03,22350,,F,C,C,A,B,H,-,A,A,0,,,,,Y,,A,01,0,0,1,0,0,0,0,0,0,"- ","- ",,,"SAN BENITO",HOLLISTER,-121.40045928955078,36.841098785400391
9675186,2023,2024-07-26,3501,2023-12-14,1933,11099,3501,4,5,4,3501,0,0,0,,0,GRA,"TRES PINOS RD","SALLY ST",29.00,E,N,A,-,N,,,,,,,,,,N,4,0,1,2,A,-,03,22350,,N,C,C,A,A,H,-,D,D,0,,,,,Y,,D,22,0,0,1,0,0,0,0,0,0,"- ","- ",,,"SAN BENITO",HOLLISTER,,
9683199,2023,2024-05-14,3501,2023-11-10,1700,11162,3501,5,5,4,3501,0,0,0,,0,GRA,"4TH ST","MCCRAY ST",44.00,W,N,A,-,N,,,,,,,,,,N,4,0,1,2,A,-,17,21451,A,N,C,C,A,A,H,-,A,A,0,,,,,Y,,D,22,0,0,1,0,0,0,0,0,0,"- ","- ",,,"SAN BENITO",HOLLISTER,-121.39913940429688,36.852447509765625
9717473,2024,2024-08-08,3501,2024-03-04,"430 ",11047,3501,1,5,4,3501,0,0,0,,0,GRA,"SAN FELIPE RD","FLYNN RD",0.00,,Y,E,-,N,,,,,,,,,,Y,4,0,1,3,A,-,09,21800,A,N,D,C,A,B,H,-,D,D,0,,,,,Y,,A,01,0,0,1,0,0,0,0,0,0,"- ","- ",,,"SAN BENITO",HOLLISTER,-121.40042114257812,36.881603240966797
9717474,2024,2024-08-08,3501,2024-03-07,1846,11196,3501,4,5,4,3501,0,0,0,,0,SWI,"SUNNYSLOPE RD","CERRA VISTA DR",0.00,,Y,C,-,N,,,,,,,,,,Y,3,0,1,2,A,-,09,21801,A,N,D,C,A,A,H,-,C,A,0,,,,,Y,,B,01,0,1,0,0,0,0,0,0,0,"- ","- ",,,"SAN BENITO",HOLLISTER,-121.37180328369141,36.838539123535156
9719229,2024,2024-09-17,3501,2024-06-04,"954 ",11211,3501,2,5,4,3501,0,0,0,,0,DAY,"4TH ST","LINE ST",0.00,,Y,A,-,N,,,,,,,,,,N,4,0,1,2,A,-,10,21952,,N,G,B,C,A,H,-,A,A,0,Y,,,,Y,,D,22,0,0,1,0,1,0,0,0,0,"- ","- ",,,"SAN BENITO",HOLLISTER,-121.41281890869141,36.85272216796875
9720805,2024,2024-08-07,3501,2024-06-15,1450,11216,3501,6,5,4,3501,0,0,0,,0,DAY,"SUNNYSLOPE LN","VERSAILLES DR",0.00,,Y,A,-,N,,,,,,,,,,Y,4,0,1,2,A,-,09,21800,A,N,A,C,A,A,H,-,A,A,0,,,,,Y,,A,01,0,0,1,0,0,0,0,0,0,"- ","- ",,,"SAN BENITO",HOLLISTER,-121.38674163818359,36.839141845703125
9724218,2024,2024-11-07,3501,2024-07-17,2309,11123,3501,3,5,4,3501,0,0,0,,0,GRA,"SAN BENITO ST","4TH ST",0.00,,Y,A,-,N,,,,,,,,,,N,4,0,2,2,A,-,09,21800,C,N,D,C,A,A,H,-,C,A,0,,,,,Y,,A,07,0,0,2,0,0,0,0,0,0,"- ","- ",,,"SAN BENITO",HOLLISTER,-121.40206146240234,36.852508544921875
9735152,2024,2024-10-24,3501,2024-08-13,"804 ",11060,3501,2,5,4,3501,0,0,0,,0,DAY,"SAN BENITO ST","THIRD ST",0.00,,Y,A,-,N,,,,,,,,,,N,3,0,1,2,A,-,09,21453,B,N,D,-,A,A,H,-,A,A,0,,Y,,,Y,,D,22,0,1,0,0,0,0,1,0,0,"- ","- ",,,"SAN BENITO",HOLLISTER,-121.40203094482422,36.853504180908203
9735164,2024,2024-10-16,3501,2024-07-01,1643,11047,3501,1,5,4,3501,0,0,0,,0,SWI,"SAN BENITO ST","1ST ST",0.00,,Y,A,-,N,,,,,,,,,,Y,4,0,2,2,A,-,09,21804,A,N,D,C,A,A,H,-,A,D,0,,,,,Y,,A,01,0,0,2,0,0,0,0,0,0,"- ","- ",,,"SAN BENITO",HOLLISTER,-121.40194702148438,36.855628967285156
9799551,2024,2025-04-10,3501,2024-11-07,1210,01493,3501,4,5,4,3501,0,0,0,,0,DAY,"SAN FELIPE RD","FLYNN RD",0.00,,Y,A,-,N,,,,,,,,,,N,4,0,2,2,A,-,09,21802,A,N,D,D,A,A,H,-,A,A,0,,,,,Y,,D,22,0,0,2,0,0,0,0,0,0,"- ","- ",,,"SAN BENITO",HOLLISTER,-121.40042114257812,36.881603240966797
9799555,2024,2025-04-10,3501,2024-12-02,"929 ",01493,3501,1,5,4,3501,0,0,0,,0,DAY,"PROSPECT AV","TRES PINOS RD",195.00,N,N,A,-,N,,,,,,,,,,N,4,0,1,2,A,-,09,21804,A,N,D,C,A,A,H,-,A,D,0,,,,,Y,,D,22,0,0,1,0,0,0,0,0,0,"- ","- ",,,"SAN BENITO",HOLLISTER,,
9800145,2024,2025-04-08,3501,2024-12-17,1357,01493,3501,2,5,4,3501,0,0,0,,0,DAY,"FELICE DR","BALL CT",90.00,N,N,A,-,N,,,,,,,,,,N,4,0,1,2,A,-,10,21954,B,N,G,B,E,A,H,-,A,D,0,Y,,,,Y,,A,07,0,0,1,0,1,0,0,0,0,"- ","- ",,,"SAN BENITO",HOLLISTER,-121.41703796386719,36.853988647460938
9802414,2024,2025-04-17,3501,2024-10-10,2205,1162,3501,4,5,4,3501,0,0,0,,0,GRA,"UNION RD","SAN BENITO ST",30.00,W,N,A,-,N,,,,,,,,,,Y,4,0,1,2,A,-,00,23103,A,M,A,C,A,A,H,-,C,A,0,,,,,Y,,A,01,0,0,1,0,0,0,0,0,0,"- ","- ",,,"SAN BENITO",HOLLISTER,-121.40009307861328,36.827690124511719
9825886,2025,2025-09-09,3501,2025-04-12,1704,10925,3501,6,5,4,3501,0,0,0,,0,DAY,"SAN JUAN RD","GRAF RD",69.00,W,N,A,-,N,,,,,,,,,,N,4,0,1,2,A,-,03,22350,,F,C,C,A,A,H,-,A,A,0,,,,,Y,Y,A,01,0,0,1,0,0,0,0,0,0,"- ","- ",,,"SAN BENITO",HOLLISTER,-121.42606353759766,36.853252410888672
9825890,2025,2025-09-26,3501,2025-04-02,2006,11211,3501,3,5,4,3501,0,0,0,,0,GRA,"AIRLINE HWY","E PARK ST",24.00,N,N,A,-,Y,SBT,5,25,-,R,50.220,H,-,S,N,4,0,2,3,A,-,03,22350,,F,C,C,A,A,H,-,C,A,0,,,,,Y,,A,01,0,0,2,0,0,0,0,0,0,"- ","- ",,,"SAN BENITO",HOLLISTER,-121.39061737060547,36.843479156494141
9825938,2025,2025-09-10,3501,2025-05-16,1528,01493,3501,5,5,4,3501,0,0,0,,0,DAY,"NASH RD","MONTEREY ST",152.00,E,N,A,-,N,,,,,,,,,,N,3,0,1,3,A,-,05,21202,A,N,D,G,A,A,H,-,A,D,0,,Y,,,Y,,L,04,0,1,0,0,0,0,1,0,0,"- ","- ",,,"SAN BENITO",HOLLISTER,-121.40380096435547,36.839820861816406
9895235,2025,2026-01-07,3501,2025-09-19,"720 ",01493,2501,5,5,4,3501,0,0,0,,0,DAY,"LINE ST",4TH,111.00,N,N,B,-,N,,,,,,,,,,N,3,0,1,2,A,-,03,22350,,N,C,G,A,A,H,-,A,D,0,,Y,,,Y,,L,04,0,1,0,0,0,0,1,0,0,"- ","- ",,,"SAN BENITO",HOLLISTER,-121.41281890869141,36.853023529052734
9895236,2025,2026-01-07,3501,2025-09-15,"443 ",11106,3501,1,5,4,3501,0,0,0,,0,GRA,"4TH ST","LINE ST",181.00,E,N,A,-,N,,,,,,,,,,N,2,0,1,2,A,-,09,21804,A,N,B,G,A,A,H,-,C,D,0,,Y,,,Y,,A,01,1,0,0,0,0,0,1,0,0,"- ","- ",,,"SAN BENITO",HOLLISTER,-121.41220092773438,36.852706909179688
9895355,2025,2026-01-02,3501,2025-08-07,"808 ",01493,3501,4,5,4,3501,0,0,0,,0,DAY,"SANTA ANA RD","SAN FELIPE RD",0.00,,Y,A,-,N,,,,,,,,,,Y,4,0,1,2,A,-,17,21451,A,N,D,C,A,A,H,-,A,A,0,,,,,Y,,-,,0,0,1,0,0,0,0,0,0,"- ","- ",,,"SAN BENITO",HOLLISTER,-121.40191650390625,36.856674194335938
9901262,2025,2025-12-30,3501,2025-11-04,1352,01493,3501,2,5,4,3501,0,0,0,,0,DAY,"VALLEY VIEW RD","WESTWARD DR",0.00,,Y,A,-,N,,,,,,,,,,N,3,0,1,2,A,-,08,22107,,N,D,C,A,A,H,-,A,D,0,,,,,Y,,M,94,0,1,0,0,0,0,0,0,0,"- ","- ",,,"SAN BENITO",HOLLISTER,-121.38133239746094,36.833839416503906
9901701,2025,2026-01-06,3501,2025-10-18,1737,11237,3501,6,5,4,3501,0,0,0,,0,DAY,"SUNSET DR","VALLEY VIEW RD",0.00,,Y,A,-,N,,,,,,,,,,N,3,0,1,2,A,-,12,22450,A,N,G,B,D,A,H,-,B,A,0,Y,,,,Y,,D,22,0,1,0,0,1,0,0,0,0,"- ","- ",,,"SAN BENITO",HOLLISTER,-121.38127899169922,36.834892272949219
9901707,2025,2026-01-06,3501,2025-10-06,1640,11108,3501,1,5,4,3501,0,0,0,,0,DAY,"SUNNYSLOPE LN","FOREST RD",9.00,W,N,A,-,N,,,,,,,,,,N,4,0,1,2,A,-,05,21650,1,N,H,G,A,A,H,-,A,D,0,,Y,,,Y,,L,04,0,0,1,0,0,0,1,0,0,"- ","- ",,,"SAN BENITO",HOLLISTER,,
9913604,2025,2026-03-04,3501,2025-12-31,1748,11259,3501,3,5,4,3501,0,0,0,,0,GRA,"WESTSIDE BL","SOUTH ST",0.00,,Y,C,-,N,,,,,,,,,,Y,4,0,1,3,A,-,12,22450,A,N,D,C,A,B,H,-,C,A,0,,,,,Y,,A,01,0,0,1,0,0,0,0,0,0,"- ","- ",,,"SAN BENITO",HOLLISTER,-121.41432952880859,36.848709106445312
6352200,2014,2016-03-05,9725,2014-01-01,1550,020008,,3,2,9,3500,0,1,3,,2,053,"RT 156","BIXBY RD",528.00,W,N,A,-,Y,SBT,5,156,-,-,5.300,H,-,W,Y,3,0,1,2,A,-,01,23152,A,N,C,C,A,A,H,-,A,D,0,,,Y,,Y,Y,C,02,0,1,0,0,0,0,0,0,1,"- ","- ",36.841349999999998,-121.4935,"SAN BENITO",UNINCORPORATED,-121.49262448,36.841407369999999
6429892,2014,2014-06-28,3501,2014-02-02,1221,10512,3501,7,5,4,3501,0,0,0,,0,DAY,"4TH ST","EAST ST",3.00,E,Y,B,-,N,,,,,,,,,,N,4,0,1,2,A,-,12,22450,A,N,D,C,A,A,H,-,A,A,0,,,,,Y,,A,01,0,0,1,0,0,0,0,0,0,"- ","- ",,,"SAN BENITO",HOLLISTER,-121.40099975,36.852479780000003
6429894,2014,2014-06-28,3501,2014-02-18,1125,10682,3501,2,5,4,3501,0,0,0,,0,DAY,"4TH ST","MONTEREY ST",0.00,,Y,A,-,N,,,,,,,,,,N,3,0,2,2,A,-,09,21802,A,N,D,C,A,A,H,-,A,A,0,,,Y,,Y,,A,01,0,1,1,0,0,0,0,0,1,"- ","- ",,,"SAN BENITO",HOLLISTER,-121.40385999999999,36.852550119999997
6434404,2014,2014-07-08,3501,2014-03-18,1930,01493,3501,2,5,4,3501,0,0,0,,0,GRA,"RANCHO DR","NASH RD",0.00,,Y,A,-,N,,,,,,,,,,N,4,0,1,2,A,-,09,21804,A,N,D,G,A,A,H,-,B,A,0,,Y,,,Y,,L,04,0,0,1,0,0,0,1,0,0,"- ","- ",,,"SAN BENITO",HOLLISTER,-121.39689177,36.839550860000003
6434408,2014,2016-03-05,3501,2014-03-10,0730,10862,,1,5,4,3501,0,0,0,,0,DAY,"RT 25 BYPASS","MERIDIAN ST",0.00,,Y,B,-,Y,SBT,5,25,-,R,50.809,I,5,S,Y,4,0,4,2,A,-,09,21801,A,N,A,C,A,A,H,-,A,A,0,,,,,Y,Y,A,01,0,0,4,0,0,0,0,0,0,"- ","- ",,,"SAN BENITO",HOLLISTER,-121.39038333000001,36.851975269999997
6478327,2014,2014-07-10,9725,2014-04-30,0735,020799,,3,1,9,3500,0,3,5,,2,005,"SANTA ANA RD","KANE DR",1056.00,W,N,A,-,N,,,,,,,,,,Y,3,0,1,2,A,-,"- ",,,F,B,C,A,A,H,-,A,D,0,,,,,Y,Y,A,01,0,1,0,0,0,0,0,0,0,"- ","- ",36.855910000000002,-121.38111000000001,"SAN BENITO",UNINCORPORATED,-121.38243582,36.855899729999997
6480372,2014,2016-04-06,9725,2014-04-12,1201,019838,,6,1,9,3500,0,1,3,,1,051,"RT 25","LA GLORIA RD",1056.00,S,N,A,-,Y,SBT,5,25,-,-,25.810,H,-,S,Y,3,0,1,1,A,-,08,22107,,N,E,I,A,A,H,-,A,D,0,,,Y,,Y,,C,02,0,1,0,0,0,0,0,0,1,"- ","- ",36.563839999999999,-121.17993,"SAN BENITO",UNINCORPORATED,-121.18067089,36.564190930000002
6506342,2014,2016-04-06,3501,2014-04-02,1040,10862,,3,5,4,3501,0,0,0,,0,DAY,"SUNNYLOPE RD","RT 25",0.00,,Y,A,-,Y,SBT,5,25,-,R,49.933,I,5,N,N,3,0,1,2,A,-,12,21453,A,N,D,C,A,A,H,-,A,A,0,,,,,Y,,A,07,0,1,0,0,0,0,0,0,0,"- ","- ",,,"SAN BENITO",HOLLISTER,-121.39068878,36.839237539999999
6506346,2014,2014-07-31,3501,2014-04-05,1617,10862,3501,6,5,4,3501,0,0,0,,0,DAY,"MCCRAY ST","HILLCREST RD",253.00,N,N,A,-,N,,,,,,,,,,N,4,0,1,1,A,-,21,22106,,N,H,A,A,A,H,-,A,A,0,,,Y,,Y,,C,02,0,0,1,0,0,0,0,0,1,"- ","- ",,,"SAN BENITO",HOLLISTER,-121.39683650000001,36.848801260000002
6513834,2014,2016-04-05,9725,2014-04-22,1720,20754,,2,2,9,3500,0,1,3,,2,053,"RT 156","BREEN RD",1320.00,E,N,A,-,Y,SBT,5,156,-,-,4.080,H,-,W,N,4,0,1,2,A,-,03,22350,,F,C,C,A,A,H,-,A,D,0,,,,,Y,,A,01,0,0,1,0,0,0,0,0,0,"- ","- ",36.841079999999998,-121.51414,"SAN BENITO",UNINCORPORATED,-121.51455991,36.841119169999999
6514026,2014,2014-07-29,9725,2014-05-11,0150,019887,,7,3,9,3500,0,3,5,,2,007,"THE ALAMEDA","OLD SAN JUAN HOLLISTER RD",174.00,S,N,A,-,N,,,,,,,,,,Y,2,0,1,1,A,-,01,23152,A,N,E,J,A,A,H,-,C,D,0,,,,,Y,,A,01,1,0,0,0,0,0,0,0,0,"- ","- ",36.8386,-121.53230000000001,"SAN BENITO",UNINCORPORATED,-121.53236051,36.838692469999998
6523785,2014,2014-07-18,3501,2014-04-30,1320,10801,3501,3,5,4,3501,0,0,0,,0,DAY,"TRES PINOS RD","SUNNYLOPE RD",0.00,,Y,A,-,N,,,,,,,,,,N,3,0,1,2,A,-,10,21950,A,F,G,B,B,A,H,-,A,A,0,Y,,,,Y,,A,01,0,1,0,0,1,0,0,0,0,"- ","- ",,,"SAN BENITO",HOLLISTER,-121.39071285999999,36.839258919999999
6528159,2014,2014-08-06,3501,2014-05-28,1837,10795,3501,3,5,4,3501,0,0,0,,0,GRA,"TRES PINOS RD","LADD LN",0.00,,Y,A,-,N,,,,,,,,,,N,4,0,1,2,A,-,09,21802,A,N,D,C,A,A,H,-,A,D,0,,,,,Y,,A,08,0,0,1,0,0,0,0,0,0,"- ","- ",,,"SAN BENITO",HOLLISTER,-121.39266993,36.83936001
6531205,2014,2016-04-06,3501,2014-05-03,2057,10795,3501,6,5,4,3501,0,0,0,,0,GRA,"SANTA ANA RD","RT 25",0.00,,Y,A,-,Y,SBT,5,25,-,R,51.104,I,5,S,Y,3,0,3,2,A,-,09,21801,A,N,D,C,A,A,H,-,C,A,0,,,,,Y,,A,01,0,1,2,0,0,0,0,0,0,"- ","- ",,,"SAN BENITO",HOLLISTER,-121.39092313,36.856209749999998
6553367,2014,2014-08-08,3501,2014-05-31,2140,10836,3501,6,5,4,3501,0,0,0,,0,GRA,"MEMORIAL DR","SUNNYSLOPE LN",20.00,N,N,A,-,N,,,,,,,,,,N,4,0,1,2,A,-,21,22106,,N,C,C,A,A,H,-,C,A,0,,,,,Y,,A,01,0,0,1,0,0,0,0,0,0,"- ","- ",,,"SAN BENITO",HOLLISTER,-121.38443733,36.839094899999999
6553384,2014,2014-08-12,3501,2014-06-02,1318,75300,3501,1,5,4,3501,0,0,0,,0,DAY,"VALLEY VIEW RD","WESTWARD DR",15.00,S,N,A,-,N,,,,,,,,,,N,4,0,2,2,A,-,03,22350,,N,C,C,A,A,H,-,A,D,0,,,,,Y,,D,22,0,0,2,0,0,0,0,0,0,"- ","- ",,,"SAN BENITO",HOLLISTER,-121.38133255,36.833798850000001
6563596,2014,2016-04-07,9725,2014-06-22,1557,19221,,7,2,9,3500,0,1,2,,1,056,"RT 101","RT 129",1584.00,N,N,A,-,Y,SBT,5,101,-,-,5.200,H,-,N,Y,4,0,2,3,A,-,03,22350,,N,C,C,A,A,H,-,A,D,1,,,,,Y,,D,22,0,0,2,0,0,0,0,0,0,"- ","- ",36.887160000000002,-121.55875,"SAN BENITO",UNINCORPORATED,-121.55925791,36.88645228
6566007,2014,2014-08-08,3501,2014-06-07,1148,10614,3501,6,5,4,3501,0,0,0,,0,DAY,"SAN FELIPE RD","MCCLOSKEY RD",0.00,,Y,-,-,N,,,,,,,,,,Y,4,0,2,2,A,-,12,21453,A,N,D,C,A,-,-,-,-,A,0,,,,Y,Y,,A,01,0,0,2,0,0,0,0,0,0,"- ","- ",,,"SAN BENITO",HOLLISTER,-121.40108999,36.869370099999998
6568313,2014,2014-08-07,9725,2014-04-27,1000,020781,,7,1,9,3500,0,2,4,,1,052,"FAIRVIEW RD","SANTA ANA VALLEY RD",7.00,N,N,A,-,N,,,,,,,,,,Y,2,0,2,2,A,-,03,22350,,F,C,C,A,A,H,-,A,D,0,,,,,Y,,A,01,1,0,1,0,0,0,0,0,0,"- ","- ",36.861049999999999,-121.36364,"SAN BENITO",UNINCORPORATED,-121.36365005,36.861089229999997
6578461,2014,2016-05-04,9725,2014-07-06,1600,020101,,7,2,9,3500,0,1,3,,1,051,"RT 25","LA GLORIA RD",1056.00,N,N,A,-,Y,SBT,5,25,-,-,26.210,H,-,S,Y,3,0,2,2,A,-,03,22350,,N,A,C,A,A,H,-,A,D,0,,,Y,,Y,,C,02,0,1,1,0,0,0,0,0,1,"- ","- ",36.560189999999999,-121.17489999999999,"SAN BENITO",UNINCORPORATED,-121.18415932000001,36.56884316
6580843,2014,2014-08-27,3501,2014-06-14,0608,01493,3501,6,5,4,3501,0,0,0,,0,DAY,"SAN JUAN RD","LIGHT POLE",67.00,W,N,A,-,N,,,,,,,,,,Y,3,0,1,1,A,-,01,23152,A,N,E,I,A,A,H,-,A,D,0,,,,,Y,,A,01,0,1,0,0,0,0,0,0,0,"- ","- ",,,"SAN BENITO",HOLLISTER,,
6580879,2014,2014-08-08,3501,2014-06-13,1330,01493,3501,5,5,4,3501,0,0,0,,0,DAY,"VALLEY VIEW RD","CEDAR DR",0.00,,Y,A,-,N,,,,,,,,,,N,4,0,1,2,A,-,09,21801,A,N,F,A,A,A,H,-,A,D,0,,,Y,,Y,,A,01,0,0,1,0,0,0,0,0,1,"- ","- ",,,"SAN BENITO",HOLLISTER,-121.3811999,36.837300050000003
6594841,2014,2014-09-04,3501,2014-07-05,1030,75300,3501,6,5,4,3501,0,0,0,,0,DAY,"4TH ST","WEST ST",175.00,E,N,A,-,N,,,,,,,,,,N,3,0,1,1,A,-,08,22107,,N,H,A,A,A,H,-,A,D,0,,,Y,,Y,,C,02,0,1,0,0,0,0,0,0,1,"- ","- ",,,"SAN BENITO",HOLLISTER,-121.40500206,36.8525761
6627824,2014,2016-05-02,9725,2014-09-08,1415,020742,,1,2,9,3500,0,1,2,,1,056,"RT 101","RT 129",5280.00,S,N,A,-,Y,SBT,5,101,-,R,3.900,H,-,S,Y,4,0,2,2,A,-,07,21658,A,N,B,C,A,A,H,-,A,D,5,,,,Y,Y,,G,27,0,0,2,0,0,0,0,0,0,"- ","- ",36.872019999999999,-121.57205999999999,"SAN BENITO",UNINCORPORATED,-121.57224385000001,36.871265549999997
6631024,2014,2016-05-04,9725,2014-09-12,0620,019838,,5,1,9,3500,0,1,2,,1,056,"RT 101","RT 129",4752.00,N,N,A,-,Y,SBT,5,101,-,-,5.800,H,-,N,Y,4,0,1,1,A,-,08,22107,,N,E,I,A,A,H,-,B,D,1,,,,,Y,,A,01,0,0,1,0,0,0,0,0,0,"- ","- ",36.88635,-121.5592,"SAN BENITO",UNINCORPORATED,-121.55628891000001,36.894598569999999
6636912,2014,2016-05-02,9735,2014-09-01,1040,016696,,1,1,9,3500,0,3,5,,2,003,"RT 25","SR 198",36960.00,N,N,A,-,Y,MON,5,25,-,-,7.040,H,-,S,Y,3,0,1,1,A,-,08,22107,,N,F,A,A,A,H,-,A,D,0,,,Y,,Y,,C,02,0,1,0,0,0,0,0,0,1,"- ","- ",36.252139999999997,-120.91142000000001,"SAN BENITO",UNINCORPORATED,-120.91082783,36.251555320000001
6638757,2014,2016-05-04,9725,2014-07-24,0530,018458,,4,3,4,3501,0,1,3,,1,054,"RT 25","SAN FELIPE RD",528.00,N,N,A,-,Y,SBT,5,25,-,R,52.310,H,-,N,Y,2,0,3,2,A,-,05,21460,A,N,A,C,A,A,H,-,D,D,0,,,,,Y,,A,01,2,0,1,0,0,0,0,0,0,"- ","- ",36.865720000000003,-121.40297,"SAN BENITO",HOLLISTER,-121.40276059999999,36.865620909999997