CASE_ID,ACCIDENT_YEAR,PROC_DATE,JURIS,COLLISION_DATE,COLLISION_TIME,OFFICER_ID,REPORTING_DISTRICT,DAY_OF_WEEK,CHP_SHIFT,POPULATION,CNTY_CITY_LOC,SPECIAL_COND,BEAT_TYPE,CHP_BEAT_TYPE,CITY_DIVISION_LAPD,CHP_BEAT_CLASS,BEAT_NUMBER,PRIMARY_RD,SECONDARY_RD,DISTANCE,DIRECTION,INTERSECTION,WEATHER_1,WEATHER_2,STATE_HWY_IND,CALTRANS_COUNTY,CALTRANS_DISTRICT,STATE_ROUTE,ROUTE_SUFFIX,POSTMILE_PREFIX,POSTMILE,LOCATION_TYPE,RAMP_INTERSECTION,SIDE_OF_HWY,TOW_AWAY,COLLISION_SEVERITY,NUMBER_KILLED,NUMBER_INJURED,PARTY_COUNT,PRIMARY_COLL_FACTOR,PCF_CODE_OF_VIOL,PCF_VIOL_CATEGORY,PCF_VIOLATION,PCF_VIOL_SUBSECTION,HIT_AND_RUN,TYPE_OF_COLLISION,MVIW,PED_ACTION,ROAD_SURFACE,ROAD_COND_1,ROAD_COND_2,LIGHTING,CONTROL_DEVICE,CHP_ROAD_TYPE,PEDESTRIAN_ACCIDENT,BICYCLE_ACCIDENT,MOTORCYCLE_ACCIDENT,TRUCK_ACCIDENT,NOT_PRIVATE_PROPERTY,ALCOHOL_INVOLVED,STWD_VEHTYPE_AT_FAULT,CHP_VEHTYPE_AT_FAULT,COUNT_SEVERE_INJ,COUNT_VISIBLE_INJ,COUNT_COMPLAINT_PAIN,COUNT_PED_KILLED,COUNT_PED_INJURED,COUNT_BICYCLIST_KILLED,COUNT_BICYCLIST_INJURED,COUNT_MC_KILLED,COUNT_MC_INJURED,PRIMARY_RAMP,SECONDARY_RAMP,LATITUDE,LONGITUDE,COUNTY,CITY,POINT_X,POINT_Y
91083570,2019,2019-09-26,9725,2019-09-23,0630,014585,,1,1,9,3500,0,1,3,,2,053,"SR-156 W/B","SR-156 BUSINESS",500.00,W,N,A,-,Y,,,156,,,,,,W,N,4,0,1,2,A,-,03,22350,,N,C,C,A,A,H,-,B,D,0,,,,,Y,,A,08,0,0,1,0,0,0,0,0,0,"- ","- ",36.848621368408203,-121.4530029296875,"SAN BENITO",UNINCORPORATED,-121.452880859375,36.848552703857422
91085386,2019,2019-09-27,9725,2019-09-18,0905,019215,,3,1,9,3500,0,3,5,,2,005,"FRAZIER LAKE ROAD N/B","SHORE ROAD",8448.00,N,N,A,-,N,,,,,,,,,,Y,4,0,1,2,A,-,08,22107,,N,D,C,A,A,H,-,A,D,0,,,,,Y,,D,22,0,0,1,0,0,0,0,0,0,"- ","- ",36.946159362792969,-121.46584320068359,"SAN BENITO",UNINCORPORATED,-121.47787475585938,36.954219818115234
91087543,2019,2019-10-01,9725,2019-09-23,1837,021837,,1,2,9,3500,0,1,3,,1,054,SR-25,"WRIGHT RD",0.00,,Y,A,-,Y,,,25,,,,,,,Y,2,0,3,2,A,-,09,21801,A,N,A,C,A,A,H,-,A,D,0,,,,,Y,Y,A,07,1,2,0,0,0,0,0,0,0,"- ","- ",36.869590759277344,-121.40651702880859,"SAN BENITO",UNINCORPORATED,-121.40651702880859,36.869594573974609
91089551,2019,2019-10-03,9725,2019-09-27,2340,021602,,5,3,9,3500,0,1,3,,1,054,SR-25,SR-156,50.00,N,N,B,-,N,,,25,,,,,,,Y,4,0,1,3,A,-,03,22350,,N,C,C,A,A,H,-,C,A,0,,,,,Y,,A,01,0,0,1,0,0,0,0,0,0,"- ","- ",36.895740509033203,-121.42746734619141,"SAN BENITO",UNINCORPORATED,-121.42748260498047,36.895729064941406
91100817,2019,2019-10-18,9725,2019-10-12,1630,022137,,6,2,9,3500,0,1,3,,1,054,SR-156,SR-25,0.00,,Y,A,-,Y,,,156,,,,,,,Y,3,0,1,3,A,-,12,21453,A,N,D,C,A,A,H,-,A,A,0,,,,Y,Y,,G,25,0,1,0,0,0,0,0,0,0,"- ","- ",36.895660400390625,-121.42727661132812,"SAN BENITO",UNINCORPORATED,-121.42739105224609,36.89569091796875
91103544,2019,2019-10-23,9725,2019-10-15,1655,020120,,2,2,9,3500,0,1,2,,1,056,"US-101 S/B",SR-129,1584.00,N,N,A,-,Y,,,101,,,,,,S,N,3,0,2,3,A,-,03,22350,,N,C,C,A,A,H,-,A,D,0,,,,,Y,,A,01,0,1,1,0,0,0,0,0,0,"- ","- ",36.889141082763672,-121.55800628662109,"SAN BENITO",UNINCORPORATED,-121.55796813964844,36.889114379882812
91103596,2019,2019-10-23,9725,2019-10-16,0204,020424,,3,3,9,3500,0,3,5,,2,005,"SANTA ANA VALLEY RD","JOHN SMITH ROAD",100.00,W,N,A,-,N,,,,,,,,,,Y,3,0,1,1,A,-,03,22350,,N,E,I,A,A,H,-,D,D,0,,,,,Y,,A,01,0,1,0,0,0,0,0,0,0,"- ","- ",36.951641082763672,-121.38249969482422,"SAN BENITO",UNINCORPORATED,-121.28179168701172,36.824481964111328
91108565,2019,2019-10-29,9725,2019-10-20,2048,022137,,7,2,9,3500,0,1,3,,2,055,"SR-156 E/B","FAIRVIEW RD",100.00,E,N,A,-,Y,,,156,,,,,,E,Y,3,0,1,2,A,-,01,23152,F,N,B,C,A,A,H,-,D,D,0,,,,,Y,,A,01,0,1,0,0,0,0,0,0,0,"- ","- ",36.934078216552734,-121.38796234130859,"SAN BENITO",UNINCORPORATED,-121.38789367675781,36.934059143066406
91109121,2019,2019-10-29,9725,2019-10-06,1859,021530,,7,2,9,3500,0,1,3,,2,055,"SR-156 E/B","BIXBY RD",1100.00,W,N,A,-,Y,,,156,,,,,,E,Y,2,0,8,3,A,-,03,22350,,N,C,C,A,A,H,-,D,D,0,,,,,Y,,A,01,1,0,7,0,0,0,0,0,0,"- ","- ",36.841300964355469,-121.49440002441406,"SAN BENITO",UNINCORPORATED,-121.49440002441406,36.841377258300781
91109978,2019,2019-10-30,9725,2019-10-26,2155,021618,,6,2,9,3500,0,2,4,,1,052,"FAIRVIEW RD","MCCLOSKEY RD",15.00,S,N,A,-,N,,,,,,,,,,Y,4,0,1,1,A,-,01,23152,A,N,F,A,A,A,H,-,D,D,0,,,Y,,Y,Y,C,02,0,0,1,0,0,0,0,0,1,"- ","- ",36.868160247802734,-121.36373138427734,"SAN BENITO",UNINCORPORATED,-121.36367034912109,36.868198394775391
91110400,2019,2019-10-31,9725,2019-10-25,2325,021734,,5,3,9,3500,0,1,3,,1,054,SR-25,"SHORE ROAD",2112.00,S,N,A,-,Y,,,25,,,,,,,Y,3,0,1,1,A,-,08,22107,,N,E,I,A,A,H,-,D,D,0,,,,,Y,,A,01,0,1,0,0,0,0,0,0,0,"- ","- ",36.9287109375,-121.46981811523438,"SAN BENITO",UNINCORPORATED,-121.46999359130859,36.928352355957031
91123021,2019,2019-11-18,9735,2019-11-14,1405,022328,,4,2,9,3500,0,1,3,,2,052,SR-25,SR-146,2640.00,S,N,A,-,Y,,,25,,,,,,,Y,4,0,1,1,A,-,08,22107,,N,F,I,A,A,H,-,A,D,0,,,,,Y,,D,22,0,0,1,0,0,0,0,0,0,"- ","- ",36.516849517822266,-121.12973785400391,"SAN BENITO",UNINCORPORATED,-121.12973785400391,36.516830444335938
91124299,2019,2019-11-20,9725,2019-11-13,1746,015579,,3,2,9,3500,0,3,5,,2,007,"CHITTENDEN ROAD",US-101,1214.00,E,N,A,-,N,,,,,,,,,,Y,3,0,2,1,A,-,08,22107,,N,E,I,A,A,H,-,C,D,0,,,,,Y,,A,01,0,1,1,0,0,0,0,0,0,"- ","- ",36.882850646972656,-121.55680847167969,"SAN BENITO",UNINCORPORATED,-121.55982208251953,36.882308959960938
91125432,2019,2019-11-21,9725,2019-11-14,0515,021660,,4,3,9,3500,0,3,5,,2,005,"SAN FELIPE RD","SHORE RD",4224.00,S,N,A,-,N,,,,,,,,,,Y,4,0,1,3,A,-,03,22350,,N,C,C,A,A,H,-,D,D,0,,,,,Y,,A,01,0,0,1,0,0,0,0,0,0,"- ","- ",36.928230285644531,-121.406982421875,"SAN BENITO",UNINCORPORATED,-121.40734100341797,36.929515838623047
91135189,2019,2019-12-04,9725,2019-11-23,1905,021665,,6,2,9,3500,0,1,3,,2,053,"SR-156 W/B","BUSINESS ROUTE 156",200.00,E,N,A,-,Y,,,156,,,,,,W,Y,4,0,1,2,A,-,03,22350,,F,C,C,A,A,H,-,C,A,0,,,,,Y,,-,99,0,0,1,0,0,0,0,0,0,"- ","- ",36.851589202880859,-121.45156097412109,"SAN BENITO",UNINCORPORATED,-121.45149993896484,36.8515625
91140395,2019,2019-12-10,9725,2019-12-02,1045,014585,,1,1,9,3500,0,1,3,,1,057,SR-129,"PAJOARO RD",400.00,W,N,C,-,Y,,,129,,,,,,,Y,3,0,1,3,A,-,03,22350,,N,C,C,A,B,H,-,A,D,0,,,,,Y,,A,01,0,1,0,0,0,0,0,0,0,"- ","- ",36.899761199951172,-121.59623718261719,"SAN BENITO",UNINCORPORATED,-121.59622192382812,36.899814605712891
91140706,2019,2019-12-11,9725,2019-12-07,1320,019217,,6,1,9,3500,0,1,2,,1,056,"US-101 NB","BETABEL RD",4224.00,S,N,B,-,Y,,,101,,,,,,N,N,4,0,2,3,A,-,07,21658,A,N,B,C,A,A,H,-,A,D,0,,,,,Y,,A,01,0,0,2,0,0,0,0,0,0,"- ","- ",36.893020629882812,-121.55615997314453,"SAN BENITO",UNINCORPORATED,-121.55623626708984,36.893016815185547
91151024,2019,2019-12-23,9725,2019-12-16,1110,019217,,1,1,9,3500,0,1,2,,1,056,"US-101 NB TO SR-156",SR-156,0.00,,Y,A,-,Y,,,101,,,,R,,N,Y,4,0,1,2,A,-,09,21802,A,N,D,C,A,A,H,-,A,A,0,,,,,Y,,A,07,0,0,1,0,0,0,0,0,0,"- ","- ",36.861190795898438,-121.57859802246094,"SAN BENITO",UNINCORPORATED,-121.57859802246094,36.861190795898438
91152669,2019,2019-12-26,9725,2019-12-14,0410,022044,,6,3,9,3500,0,1,2,,1,056,"US-101 S/B","SAN JUAN RD",5280.00,N,N,B,-,Y,,,,,,,,,,Y,4,0,2,2,A,-,03,22350,,N,C,C,A,A,H,-,D,D,0,,,,Y,Y,,G,25,0,0,2,0,0,0,0,0,0,"- ","- ",36.513999938964844,-121.36370086669922,"SAN BENITO",UNINCORPORATED,-121.61246490478516,36.862285614013672
91155198,2019,2019-12-30,9725,2019-12-15,1705,020906,,7,2,9,3500,0,1,2,,1,056,"US-101 S/B","SARGENTS OVERCROSSING",2000.00,S,N,A,-,Y,,,,,,,,,,Y,4,0,1,1,A,-,08,22107,,N,E,I,A,A,H,-,D,D,0,,,,,Y,,A,01,0,0,1,0,0,0,0,0,0,"- ","- ",36.924018859863281,-121.54731750488281,"SAN BENITO",UNINCORPORATED,,
91155280,2019,2019-12-30,9725,2019-12-18,1655,019331,,3,2,9,3500,0,1,2,,1,056,"US-101 S/B","CANNON RD",50.00,S,N,C,-,Y,,,101,,,,,,S,N,4,0,2,2,A,-,03,22350,,N,C,C,A,B,H,-,D,D,0,,,,,Y,,A,01,0,0,2,0,0,0,0,0,0,"- ","- ",36.859909057617188,-121.6038818359375,"SAN BENITO",UNINCORPORATED,-121.6038818359375,36.85986328125
91165179,2020,2020-01-14,9725,2020-01-08,1910,021304,,3,2,9,3500,0,3,5,,2,005,"SAN FELIPE RD",SR-156,10.00,S,N,A,-,N,,,,,,,,,,N,4,0,1,2,A,-,03,22350,,N,C,C,A,A,H,-,C,A,0,,,,,Y,,A,01,0,0,1,0,0,0,0,0,0,"- ","- ",36.907669067382812,-121.40390014648438,"SAN BENITO",UNINCORPORATED,-121.40391540527344,36.907844543457031
91169930,2020,2020-01-22,9725,2020-01-12,1820,020120,,7,2,9,3500,0,3,5,,2,005,"CIENEGA RD.","UNION RD.",1056.00,S,N,A,-,N,,,,,,,,,,Y,3,0,1,2,A,-,05,21460,A,N,B,C,A,A,H,-,D,D,0,,,,,Y,,A,01,0,1,0,0,0,0,0,0,0,"- ","- ",36.82366943359375,-121.40081787109375,"SAN BENITO",UNINCORPORATED,-121.40065002441406,36.823444366455078
91188928,2020,2020-02-19,9725,2020-02-13,1907,015579,,4,2,9,3500,0,1,2,,2,013,"US-101 SOUTHBOUND","COYOTE CREEK GOLF DRIVE",3960.00,N,N,A,-,Y,,,101,,,,,,S,Y,3,0,3,2,A,-,03,22350,,N,C,C,A,A,H,-,D,D,0,,,,,Y,,A,01,0,2,1,0,0,0,0,0,0,"- ","- ",37.197608947753906,-121.70350646972656,"SAN BENITO",UNINCORPORATED,-121.70346069335938,37.197689056396484
91208417,2020,2020-03-16,9725,2020-03-07,1630,021612,,6,2,9,3500,0,3,5,,2,007,"CIENEGA RD","GRASS VALLEY RD",5280.00,S,N,B,-,N,,,,,,,,,,Y,4,0,1,2,A,-,09,21804,A,N,D,C,A,A,H,-,A,D,0,,,,,Y,,A,01,0,0,1,0,0,0,0,0,0,"- ","- ",36.736591339111328,-121.36898040771484,"SAN BENITO",UNINCORPORATED,-121.34518432617188,36.7166748046875
91213690,2020,2020-03-23,9725,2020-03-14,1900,021612,,6,2,9,3500,0,1,3,,1,051,SR-25,"LA GLORIA RD",7920.00,S,N,B,-,Y,,,,,,,,,,Y,4,0,1,1,A,-,08,22107,,N,E,I,A,A,H,-,D,D,0,,,,,Y,,A,01,0,0,1,0,0,0,0,0,0,"- ","- ",36.555240631103516,-121.16446685791016,"SAN BENITO",UNINCORPORATED,,
91227912,2020,2020-12-10,9725,2020-03-02,1505,022137,,1,2,9,3500,0,1,3,,2,055,SR-156,"SAN FELIPE RD",2112.00,E,N,A,-,Y,,,156,,,,,,,Y,1,1,1,2,A,-,01,23152,F,N,A,C,A,A,H,-,A,D,0,,,,,Y,,D,22,1,0,0,0,0,0,0,0,0,"- ","- ",36.911109924316406,-121.39720916748047,"SAN BENITO",UNINCORPORATED,-121.397216796875,36.911121368408203
91230670,2020,2020-04-29,9725,2020-04-17,0445,021602,,5,3,9,3500,0,1,2,,1,056,"US-101 N/B","ROCKS RD",3168.00,S,N,C,-,Y,,,101,,,,,,N,Y,4,0,1,2,C,-,18,,,N,D,C,A,B,H,-,D,D,0,,,,,Y,,-,"- ",0,0,1,0,0,0,0,0,0,"- ","- ",36.862808227539062,-121.61585235595703,"SAN BENITO",UNINCORPORATED,-121.61585235595703,36.862777709960938
91236991,2020,2020-05-13,9725,2020-05-08,1400,019305,,5,2,9,3500,0,1,3,,1,054,SR-25,"BOLSA RD.",4224.00,S,N,A,-,Y,,,25,,,,,,,Y,3,0,1,2,A,-,03,22350,,N,C,C,A,A,H,-,A,D,0,,,,,Y,,A,01,0,1,0,0,0,0,0,0,0,"- ","- ",36.946491241455078,-121.50800323486328,"SAN BENITO",UNINCORPORATED,-121.50806427001953,36.94635009765625
9123993,2020,2020-08-28,3501,2020-05-21,1723,11106,3501,4,5,4,3501,0,0,0,,0,DAY,"MEMORIAL DR","HILLCREST RD",0.00,,Y,A,-,N,,,,,,,,,,N,4,0,1,2,A,-,12,22450,A,N,D,C,A,A,H,-,A,D,0,,,,,Y,,A,01,0,0,1,0,0,0,0,0,0,"- ","- ",,,"SAN BENITO",HOLLISTER,-121.38375854492188,36.847488403320312
9124037,2020,2020-11-04,3501,2020-05-31,2250,11047,3501,7,5,4,3501,0,0,0,,0,GRA,"EAST ST","SOUTH ST",0.00,,Y,A,-,N,,,,,,,,,,Y,3,0,1,2,A,-,09,21800,A,N,D,C,A,A,H,-,D,A,0,,,,,Y,Y,A,01,0,1,0,0,0,0,0,0,0,"- ","- ",,,"SAN BENITO",HOLLISTER,-121.40109252929688,36.848320007324219
9124040,2020,2020-11-04,3501,2020-05-07,1534,11105,,4,5,4,3501,0,0,0,,0,DAY,"MERDIAN ST",MERDIAN,27.00,S,N,A,-,N,,,,,,,,,,Y,3,0,2,2,A,-,09,21804,A,N,H,D,A,A,H,-,A,D,0,,,,,Y,,A,01,0,1,1,0,0,0,0,0,0,"- ","- ",,,"SAN BENITO",HOLLISTER,-121.39898681640625,36.852439880371094
91242770,2020,2020-05-27,9725,2020-05-19,0740,014585,,2,1,9,3500,0,1,3,,2,053,"SR-156 E/B","MISSION VINEYARD RD",1584.00,E,N,A,-,Y,,,156,,,,,,E,Y,4,0,1,2,A,-,08,22107,,N,C,E,A,A,H,-,A,D,0,,,,,Y,,D,22,0,0,1,0,0,0,0,0,0,"- ","- ",36.841091156005859,-121.51412963867188,"SAN BENITO",UNINCORPORATED,-121.51412963867188,36.841121673583984
91261153,2020,2020-06-30,9725,2020-06-25,1840,022112,,4,2,9,3500,0,3,5,,2,005,"FRAZIER LAKE ROAD","SHORE RD",10032.00,N,N,A,-,N,,,,,,,,,,Y,4,0,1,1,A,-,01,23152,A,N,E,I,A,A,H,-,A,D,0,,,,,Y,Y,D,22,0,0,1,0,0,0,0,0,0,"- ","- ",36.946750640869141,-121.46598052978516,"SAN BENITO",UNINCORPORATED,-121.48207855224609,36.956966400146484
91267240,2020,2020-07-13,9725,2020-07-03,1420,021665,,5,2,9,3500,0,1,2,,1,056,"US-101 S/B","SAN JUAN RD",528.00,N,N,A,-,Y,,,101,,,,,,S,Y,4,0,2,3,A,-,03,22350,,N,C,C,A,A,H,-,A,D,0,,,,,Y,,A,01,0,0,2,0,0,0,0,0,0,"- ","- ",36.860931396484375,-121.62204742431641,"SAN BENITO",UNINCORPORATED,-121.62211608886719,36.861003875732422
91268588,2020,2020-07-14,9725,2020-07-13,1500,018966,,1,2,9,3500,0,1,3,,2,053,"SR-156 W/B","ROCKS RD",300.00,W,N,A,-,Y,,,156,,,,,,W,Y,4,0,3,3,A,-,03,22350,,N,C,C,A,A,H,-,A,D,0,,,,,Y,,A,07,0,0,3,0,0,0,0,0,0,"- ","- ",36.854671478271484,-121.56996154785156,"SAN BENITO",UNINCORPORATED,-121.56995391845703,36.854671478271484
91270174,2020,2020-07-17,9725,2020-07-15,2245,021602,,3,3,9,3500,0,3,5,,2,007,"SOUTHSIDE RD.","HOSPITAL RD",528.00,S,N,A,-,N,,,,,,,,,,Y,4,0,2,1,A,-,08,22107,,N,E,I,A,A,H,-,C,D,0,,,,,Y,,A,01,0,0,2,0,0,0,0,0,0,"- ","- ",36.818378448486328,-121.38820648193359,"SAN BENITO",UNINCORPORATED,-121.38804626464844,36.818225860595703
91273405,2020,2020-07-23,9725,2020-07-17,0630,021304,,5,1,9,3500,0,3,5,,2,007,"UNION RD","CIENEGA RD",0.00,,Y,A,-,N,,,,,,,,,,Y,4,0,2,2,A,-,09,21802,A,N,D,C,A,A,H,-,A,A,0,,,,,Y,,A,01,0,0,2,0,0,0,0,0,0,"- ","- ",36.821079254150391,-121.399169921875,"SAN BENITO",UNINCORPORATED,-121.40339660644531,36.825290679931641
91280257,2020,2020-08-04,9725,2020-08-01,1820,021665,,6,2,9,3500,0,1,3,,2,055,SR-156,"PACHECO CREEK DR",528.00,W,N,A,-,Y,,,156,,,,,,,Y,4,0,1,2,A,-,01,23152,F,N,B,C,A,A,H,-,A,D,0,,,,,Y,,A,01,0,0,1,0,0,0,0,0,0,"- ","- ",36.948379516601562,-121.38430786132812,"SAN BENITO",UNINCORPORATED,-121.38433074951172,36.948387145996094
91285250,2020,2020-08-12,9725,2020-08-09,1335,022112,,7,1,9,3500,0,1,3,,2,053,SR-156,"LUCY BROWN LN",500.00,E,N,A,-,Y,,,156,,,,,,,N,3,0,2,2,A,-,03,22350,,N,F,A,A,A,H,-,A,D,0,,,Y,,Y,,C,02,0,2,0,0,0,0,0,0,2,"- ","- ",36.841621398925781,-121.50467681884766,"SAN BENITO",UNINCORPORATED,-121.50467681884766,36.841236114501953
91288859,2020,2020-08-19,9725,2020-08-12,0024,021811,,3,3,9,3500,0,1,2,,1,056,"US-101 S/B",SR-129,3168.00,N,N,A,-,Y,,,101,,,,,,S,Y,4,0,6,3,C,-,18,,,N,D,C,A,A,H,-,D,D,0,,,,Y,Y,,-,"- ",0,0,6,0,0,0,0,0,0,"- ","- ",36.890129089355469,-121.55741882324219,"SAN BENITO",UNINCORPORATED,-121.55739593505859,36.890113830566406
91294030,2020,2020-08-27,9725,2020-08-22,0030,022137,,6,3,9,3500,0,1,3,,2,053,SR-156,"MISSION VINEYARD RD",528.00,E,N,A,-,Y,,,156,,,,,,,Y,4,0,1,1,A,-,08,22107,,N,F,A,A,A,H,-,D,D,0,,,,,Y,,D,22,0,0,1,0,0,0,0,0,0,"- ","- ",36.841159820556641,-121.51615142822266,"SAN BENITO",UNINCORPORATED,-121.51615142822266,36.841094970703125
91299193,2020,2020-09-04,9735,2020-08-30,1700,017681,,7,2,9,3500,0,3,5,,2,003,"OLD COALINGA ROAD",SR-25,21648.00,E,N,A,-,N,,,,,,,,,,Y,3,0,4,1,A,-,08,22107,,N,F,I,A,A,H,-,A,D,0,,,,,Y,,B,07,0,3,1,0,0,0,0,0,0,"- ","- ",36.398868560791016,-120.94386291503906,"SAN BENITO",UNINCORPORATED,,
91300166,2020,2020-09-08,9725,2020-08-30,1440,019215,,7,2,9,3500,0,1,2,,1,056,"US-101 N/B","BETABEL RD",5280.00,S,N,A,-,Y,,,101,,,,,,N,N,4,0,2,3,A,-,03,22350,,M,C,A,A,A,H,-,A,A,0,,,,,Y,,D,22,0,0,2,0,0,0,0,0,0,"- ","- ",36.894660949707031,-121.55626678466797,"SAN BENITO",UNINCORPORATED,-121.55628967285156,36.894657135009766
91301193,2020,2020-09-09,9725,2020-09-01,1225,014585,,2,1,9,3500,0,1,3,,2,055,SR-156,"BARNHEISEL RD",528.00,W,N,A,-,Y,,,156,,,,,,,Y,2,0,1,1,A,-,08,22107,,N,F,A,A,A,H,-,A,D,0,,,,Y,Y,,F,27,1,0,0,0,0,0,0,0,0,"- ","- ",36.956291198730469,-121.38336181640625,"SAN BENITO",UNINCORPORATED,-121.38344573974609,36.956268310546875
91301212,2020,2020-09-09,9725,2020-09-01,1950,021660,,2,2,9,3500,0,3,5,,2,005,"QUIEN SABE RD","SANTA ANITA RD",5280.00,S,N,A,-,N,,,,,,,,,,Y,4,0,2,1,A,-,08,22107,,N,E,I,A,A,H,-,D,D,0,,,,,Y,,A,01,0,0,2,0,0,0,0,0,0,"- ","- ",36.807258605957031,-121.25686645507812,"SAN BENITO",UNINCORPORATED,-121.26445770263672,36.796810150146484
91302299,2020,2020-09-10,9725,2020-09-07,0555,021618,,1,3,9,3500,0,2,4,,1,052,"FAIRVIEW RD",SR-156,0.00,,Y,A,-,N,,,,,,,,,,Y,4,0,1,2,A,-,03,22350,,N,C,C,A,A,H,-,D,A,0,,,Y,,Y,,E,22,0,0,1,0,0,0,0,0,1,"- ","- ",36.933071136474609,-121.38816070556641,"SAN BENITO",UNINCORPORATED,-121.38823699951172,36.933090209960938
91304485,2020,2020-09-14,9725,2020-09-06,1159,018473,,7,1,9,3500,0,1,3,,2,055,"SR-156 W/B","FAIRVIEW RD.",100.00,E,N,A,-,Y,,,156,,,,,,W,Y,4,0,1,3,A,-,03,22350,,N,C,C,A,A,H,-,A,A,0,,,,,Y,,A,07,0,0,1,0,0,0,0,0,0,"- ","- ",36.933521270751953,-121.38812255859375,"SAN BENITO",UNINCORPORATED,-121.3880615234375,36.933502197265625
91308880,2020,2020-09-22,9725,2020-09-12,1935,021811,,6,2,9,3500,0,3,5,,2,007,"UNION RD","SAN JUAN OAKS RD",300.00,S,N,B,-,N,,,,,,,,,,N,3,0,1,1,A,-,08,22107,,N,F,A,A,A,H,-,D,D,0,,,Y,,Y,,C,02,0,1,0,0,0,0,0,0,1,"- ","- ",36.838150024414062,-121.45577239990234,"SAN BENITO",UNINCORPORATED,-121.455842,36.838273999999998
91310771,2020,2020-09-24,9725,2020-09-18,1810,021618,,5,2,9,3500,0,3,5,,2,005,"SANTA ANA VALLEY RD","TORTOLA WAY",5280.00,E,N,A,-,N,,,,,,,,,,Y,2,0,4,2,A,-,01,23152,A,N,A,C,A,A,H,-,A,D,0,,,,,Y,Y,D,22,1,3,0,0,0,0,0,0,0,"- ","- ",36.853870391845703,-121.32187652587891,"SAN BENITO",UNINCORPORATED,,
91310813,2020,2020-09-24,9735,2020-09-14,2500,19217,,1,4,9,3500,0,1,3,,2,052,SR-25,"LEWIS CREEK RD",3168.00,N,N,A,-,Y,,,25,,,,,,,Y,4,0,1,1,A,-,08,22107,,N,E,I,A,A,H,-,D,D,0,,,,,Y,,A,07,0,0,1,0,0,0,0,0,0,"- ","- ",36.317760467529297,-120.93012237548828,"SAN BENITO",UNINCORPORATED,-120.93011474609375,36.317764282226562
91310832,2020,2020-09-24,9725,2020-09-22,0740,022112,,2,1,9,3500,0,1,2,,1,056,"US-101 N/B",SR-129,1056.00,S,N,A,-,Y,,,101,,,,,,N,Y,3,0,1,2,A,-,08,22107,,N,E,I,A,A,H,-,A,D,0,,,,Y,Y,,A,01,0,1,0,0,0,0,0,0,0,"- ","- ",36.877651214599609,-121.56520843505859,"SAN BENITO",UNINCORPORATED,-121.56550598144531,36.878116607666016
91314890,2020,2020-09-30,9725,2020-09-17,0525,021612,,4,3,9,3500,0,1,3,,2,053,SR-156,"FLINT AVE",528.00,E,N,A,-,Y,,,156,,,,,,,Y,3,0,1,2,A,-,03,22350,,F,C,C,A,A,H,-,B,D,0,,,,,Y,,A,01,0,1,0,0,0,0,0,0,0,"- ","- ",36.841640472412109,-121.46970367431641,"SAN BENITO",UNINCORPORATED,-121.46970367431641,36.841655731201172
91315836,2020,2020-10-01,9735,2020-09-28,0400,022111,,1,3,9,3500,0,3,5,,2,003,SR-25,SR-146,2640.00,S,N,A,-,Y,,,25,,,,,,,Y,4,0,1,1,A,-,08,22107,,N,E,I,A,A,H,-,D,D,0,,,,,Y,,A,01,0,0,1,0,0,0,0,0,0,"- ","- ",36.511798858642578,-121.11728668212891,"SAN BENITO",UNINCORPORATED,-121.11726379394531,36.511844635009766
91319334,2020,2020-10-07,9725,2020-10-05,1700,021618,,1,2,9,3500,0,3,5,,2,007,"OLYMPIA AVE","LUCY BROWN LN",2112.00,E,N,A,-,N,,,,,,,,,,Y,4,0,1,2,A,-,03,22350,,N,C,C,A,A,H,-,A,D,0,,,,,Y,,A,07,0,0,1,0,0,0,0,0,0,"- ","- ",36.852291107177734,-121.50196838378906,"SAN BENITO",UNINCORPORATED,-121.50164031982422,36.852294921875
91321567,2020,2020-10-12,9725,2020-10-05,1625,015579,,1,2,9,3500,0,3,5,,2,009,"ANZAR ROAD WESTBOUND","AROMITAS ROAD",10.00,S,N,A,-,N,,,,,,,,,,Y,4,0,1,1,A,-,08,22107,,N,E,I,A,A,H,-,A,A,0,,,,,Y,,A,01,0,0,1,0,0,0,0,0,0,"- ","- ",36.893901824951172,-121.6168212890625,"SAN BENITO",UNINCORPORATED,-121.61681365966797,36.893882751464844