CASE_ID,ACCIDENT_YEAR,PROC_DATE,JURIS,COLLISION_DATE,COLLISION_TIME,OFFICER_ID,REPORTING_DISTRICT,DAY_OF_WEEK,CHP_SHIFT,POPULATION,CNTY_CITY_LOC,SPECIAL_COND,BEAT_TYPE,CHP_BEAT_TYPE,CITY_DIVISION_LAPD,CHP_BEAT_CLASS,BEAT_NUMBER,PRIMARY_RD,SECONDARY_RD,DISTANCE,DIRECTION,INTERSECTION,WEATHER_1,WEATHER_2,STATE_HWY_IND,CALTRANS_COUNTY,CALTRANS_DISTRICT,STATE_ROUTE,ROUTE_SUFFIX,POSTMILE_PREFIX,POSTMILE,LOCATION_TYPE,RAMP_INTERSECTION,SIDE_OF_HWY,TOW_AWAY,COLLISION_SEVERITY,NUMBER_KILLED,NUMBER_INJURED,PARTY_COUNT,PRIMARY_COLL_FACTOR,PCF_CODE_OF_VIOL,PCF_VIOL_CATEGORY,PCF_VIOLATION,PCF_VIOL_SUBSECTION,HIT_AND_RUN,TYPE_OF_COLLISION,MVIW,PED_ACTION,ROAD_SURFACE,ROAD_COND_1,ROAD_COND_2,LIGHTING,CONTROL_DEVICE,CHP_ROAD_TYPE,PEDESTRIAN_ACCIDENT,BICYCLE_ACCIDENT,MOTORCYCLE_ACCIDENT,TRUCK_ACCIDENT,NOT_PRIVATE_PROPERTY,ALCOHOL_INVOLVED,STWD_VEHTYPE_AT_FAULT,CHP_VEHTYPE_AT_FAULT,COUNT_SEVERE_INJ,COUNT_VISIBLE_INJ,COUNT_COMPLAINT_PAIN,COUNT_PED_KILLED,COUNT_PED_INJURED,COUNT_BICYCLIST_KILLED,COUNT_BICYCLIST_INJURED,COUNT_MC_KILLED,COUNT_MC_INJURED,PRIMARY_RAMP,SECONDARY_RAMP,LATITUDE,LONGITUDE,COUNTY,CITY,POINT_X,POINT_Y
9431250,2022,2022-04-08,3501,2022-02-16,1516,01493,3501,3,5,4,3501,0,0,0,,0,DAY,"MONTEREY ST","HAWKINS ST",0.00,,Y,A,-,N,,,,,,,,,,N,4,0,1,2,A,-,10,21950,A,N,G,B,D,A,H,-,A,A,0,Y,,,,Y,,A,07,0,0,1,0,1,0,0,0,0,"- ","- ",,,"SAN BENITO",HOLLISTER,-121.40399932861328,36.846431732177734
9431257,2022,2022-04-11,3501,2022-02-08,1551,01493,3501,2,5,4,3501,0,0,0,,0,DAY,"TRES PINOS RD","PROSPECT AV",85.00,W,N,A,-,N,,,,,,,,,,N,4,0,1,2,B,-,22,,,N,G,B,F,A,H,-,A,D,0,Y,,,,Y,,A,07,0,0,1,0,1,0,0,0,0,"- ","- ",,,"SAN BENITO",HOLLISTER,,
9433957,2022,2022-05-25,3501,2022-03-10,1134,92670,3501,4,5,4,3501,0,0,0,,0,DAY,"RT 25","HILLCREST RD",0.00,,Y,A,-,Y,SBT,5,25,-,R,50.500,H,-,N,N,4,0,1,3,A,-,03,22350,,N,C,C,A,A,H,-,A,A,0,,,,,Y,,A,07,0,0,1,0,0,0,0,0,0,"- ","- ",,,"SAN BENITO",HOLLISTER,-121.39019012451172,36.84747314453125
94363719,2024,2024-08-21,9725,2024-08-02,2045,022869,,5,2,9,3500,0,1,3,,2,053,"SR-156 E/B","BUENA VISTA RD",0.00,,Y,A,-,Y,SBT,,156," ",R,8.923,H,,R,Y,3,0,1,3,A,-,09,21801,A,N,D,C,A,A,H,-,C,D,0,,,,,Y,,A,01,0,1,0,0,0,0,0,0,0,"- ","- ",36.863788604736328,-121.44393920898438,"SAN BENITO",UNINCORPORATED,-121.44401550292969,36.863819122314453
94363784,2024,2024-08-21,9725,2024-08-11,1705,022869,,7,2,9,3500,0,1,3,,1,054,SR-25,SR-156,0.00,,Y,A,-,Y,SBT,,25," "," ",54.064,H,,R,Y,4,0,1,2,A,-,09,21803,A,N,D,C,A,A,H,-,A,A,0,,,,,Y,,A,01,0,0,1,0,0,0,0,0,0,"- ","- ",36.895771026611328,-121.42752838134766,"SAN BENITO",UNINCORPORATED,-121.42752838134766,36.895771026611328
94369007,2024,2024-08-27,9725,2024-08-15,2055,022869,,4,2,9,3500,0,3,5,,2,007,"BUENA VISTA RD","WRIGHT RD",2112.00,S,N,A,-,N,,,,,,,,,,Y,4,0,1,1,A,-,01,23152,A,N,E,8,A,A,H,-,C,D,0,,,,,Y,Y,A,01,0,0,1,0,0,0,0,0,0,"- ","- ",36.861091613769531,-121.43499755859375,"SAN BENITO",UNINCORPORATED,-121.43670654296875,36.861492156982422
9437667,2022,2022-05-25,3501,2022-03-02,1833,11126,3501,3,5,4,3501,0,0,0,,0,GRA,"TRES PINOS RD","LADD LN",0.00,,N,A,-,N,,,,,,,,,,Y,4,0,1,2,A,-,08,22107,,N,D,C,A,A,H,-,C,D,0,,,,,Y,,A,01,0,0,1,0,0,0,0,0,0,"- ","- ",,,"SAN BENITO",HOLLISTER,-121.39273071289062,36.839359283447266
94386269,2024,2024-09-09,9725,2024-09-06,1503,022827,,5,2,9,3500,0,3,5,,2,005,"FAIRVIEW RD","LOS VIBORAS RD",100.00,N,N,A,-,N,,,,,,,,,,N,3,0,5,2,A,-,08,22107,,N,A,C,A,A,H,-,A,D,0,,,,,Y,,A,01,0,2,3,0,0,0,0,0,0,"- ","- ",36.925479888916016,-121.37822723388672,"SAN BENITO",UNINCORPORATED,-121.37824249267578,36.92547607421875
9438725,2022,2022-05-17,3501,2022-03-11,1624,11060,3501,5,5,4,3501,0,0,0,,0,DAY,"SAN FELIPE RD","N CHAPPELL RD",0.00,,N,A,-,Y,SBT,5,25,-,R,52.210,I,6,N,N,3,0,1,2,A,-,09,21804,A,N,H,A,A,A,H,-,A,D,0,,,Y,,Y,,A,01,0,1,0,0,0,0,0,0,1,"- ","- ",,,"SAN BENITO",HOLLISTER,-121.40140533447266,36.865268707275391
9438729,2022,2022-05-17,3501,2022-03-10,0659,10634,3501,4,5,4,3501,0,0,0,,0,DAY,"RT 25","UNION RD",0.00,,Y,A,-,Y,SBT,5,25,-,-,49.014,I,5,S,Y,4,0,3,2,A,-,12,21453,A,N,A,C,A,A,H,-,A,A,0,,,,,Y,,A,01,0,0,3,0,0,0,0,0,0,"- ","- ",,,"SAN BENITO",HOLLISTER,-121.38239288330078,36.826831817626953
94389742,2024,2024-09-11,9725,2024-09-02,1610,022777,,1,2,9,3500,0,1,3,,1,054,"SR-25 W/B","SAN FELIPE RD",53.00,W,N,A,-,Y,SBT,,25," ",R,52.239,H,,L,Y,2,0,1,2,A,-,09,21453,B,N,B,2,A,A,H,-,A,D,0,,,Y,,Y,,C,02,1,0,0,0,0,0,0,0,1,"- ","- ",36.865318298339844,-121.40171813964844,"SAN BENITO",UNINCORPORATED,-121.40174865722656,36.865203857421875
94391308,2024,2024-09-12,9725,2024-09-10,1355,022777,,2,1,9,3500,0,1,3,,2,053,"SR-156 W/B","LUCY BROWN LN",1637.00,E,N,A,-,Y,SBT,,156," "," ",4.721,H,,L,Y,4,0,1,2,A,-,03,22350,,N,C,2,A,A,H,-,A,D,0,,,,,Y,,D,22,0,0,1,0,0,0,0,0,0,"- ","- ",36.841270446777344,-121.50309753417969,"SAN BENITO",UNINCORPORATED,-121.50309753417969,36.841255187988281
94404996,2024,2024-09-23,9725,2024-09-20,1647,022827,,5,2,9,3500,0,3,5,,2,007,"UNION RD","GENEIL CT",0.00,,Y,A,-,N,,,,,,,,,,N,4,0,1,2,A,-,09,21802,A,N,D,C,A,A,H,-,A,D,0,,,,,Y,,D,22,0,0,1,0,0,0,0,0,0,"- ","- ",36.835300445556641,-121.44239044189453,"SAN BENITO",UNINCORPORATED,-121.44232177734375,36.835254669189453
94412142,2024,2024-09-30,9725,2024-09-12,1748,023415,,4,2,9,3500,0,3,5,,2,005,"FRAZER LAKE RD","SHORE RD",1056.00,N,N,A,-,N,,,,,,,,,,Y,3,0,3,2,A,-,08,22107,,N,A,C,A,A,H,-,A,D,0,,,,,Y,,A,07,0,3,0,0,0,0,0,0,0,"- ","- ",36.940761566162109,-121.45908355712891,"SAN BENITO",UNINCORPORATED,-121.44806671142578,36.944709777832031
94414302,2024,2024-10-01,9725,2024-09-21,1748,023415,,6,2,9,3500,0,3,5,,2,007,"FREITAS RD","FLINT RD",0.00,,Y,A,-,N,,,,,,,,,,Y,3,0,5,2,A,-,09,21802,A,F,D,C,A,A,H,-,A,A,0,,,,,Y,Y,A,07,0,2,3,0,0,0,0,0,0,"- ","- ",36.848979949951172,-121.47238922119141,"SAN BENITO",UNINCORPORATED,-121.47238922119141,36.848987579345703
94432790,2024,2024-10-16,9725,2024-10-08,1400,024023,,2,2,9,3500,0,1,3,,1,054,"SR-25 S/B",SR-156,100.00,N,N,A,-,Y,SBT,,25," "," ",54.087,H,,L,Y,4,0,2,3,A,-,03,22350,,N,C,C,A,A,H,-,A,D,0,,,,,Y,,A,01,0,0,2,0,0,0,0,0,0,"- ","- ",36.896018981933594,-121.42780303955078,"SAN BENITO",UNINCORPORATED,-121.42778015136719,36.896034240722656
9444393,2022,2022-05-25,3501,2022-03-05,0108,10964,3501,6,5,4,3501,0,0,0,,0,GRA,"POWELL ST","POWELL ST 670",0.00,,Y,A,-,N,,,,,,,,,,Y,3,0,2,1,A,-,03,22350,,N,A,I,A,A,H,-,C,D,0,,,,,Y,,A,01,0,2,0,0,0,0,0,0,0,"- ","- ",,,"SAN BENITO",HOLLISTER,-121.407707,36.849722
94453469,2024,2024-11-01,9725,2024-10-24,"710 ",022571,,4,1,9,3500,0,1,2,,1,056,"US-101 SOUTHBOUND","SAN JUAN RD",2640.00,N,N,A,-,Y,SBT,,101," "," ",0.635,H,,L,N,4,0,1,3,A,-,08,22107,,N,B,C,A,A,H,-,B,D,0,,,,Y,Y,,A,01,0,0,1,0,0,0,0,0,0,"- ","- ",36.862209320068359,-121.62075042724609,"SAN BENITO",UNINCORPORATED,-121.62078094482422,36.862236022949219
94453537,2024,2024-11-01,9725,2024-10-24,1500,019331,,4,2,9,3500,0,3,5,,2,005,"PANOCHE RD","LITTLE PANOCHE RD",17424.00,N,N,A,-,N,,,,,,,,,,N,2,0,1,1,A,-,03,22350,,N,F,A,A,A,H,-,A,D,0,,,Y,,Y,,C,02,1,0,0,0,0,0,0,0,1,"- ","- ",36.613391876220703,-120.93657684326172,"SAN BENITO",UNINCORPORATED,-120.87661743164062,36.606788635253906
94456061,2024,2024-11-04,9725,2024-10-25,1305,022777,,5,1,9,3500,0,1,3,,1,051,"ENTERPRISE RD",SR-25,0.00,,Y,A,-,Y,SBT,,25," "," ",48.152,H,,R,N,4,0,2,2,A,-,09,21802,A,N,D,C,A,A,H,-,A,D,0,,,,,Y,,A,07,0,0,2,0,0,0,0,0,0,"- ","- ",36.819740295410156,-121.37145233154297,"SAN BENITO",UNINCORPORATED,-121.37139129638672,36.819805145263672
94468761,2024,2024-11-14,9725,2024-11-05,1957,022985,,2,2,9,3500,0,2,4,,1,052,"FAIRVIEW RD","ROSA MORADA RD",1109.00,S,N,A,-,N,,,,,,,,,,N,3,0,1,2,A,-,09,21804,A,N,D,2,A,A,H,-,D,D,0,,,,,Y,,D,22,0,1,0,0,0,0,0,0,0,"- ","- ",36.890621185302734,-121.3636474609375,"SAN BENITO",UNINCORPORATED,-121.36366271972656,36.890754699707031
94478226,2024,2024-11-21,9725,2024-11-11,1415,022836,,1,2,9,3500,0,2,4,,1,052,"FAIRVIEW ROAD","ROSA MORADA RD",0.00,,Y,A,-,N,,,,,,,,,,N,3,0,1,2,A,-,03,22350,,N,C,2,A,B,H,-,A,D,0,,,,,Y,,D,22,0,1,0,0,0,0,0,0,0,"- ","- ",36.893749237060547,-121.36363220214844,"SAN BENITO",UNINCORPORATED,-121.36367034912109,36.893798828125
94494136,2024,2024-12-06,9725,2024-11-02,"420 ",023545,,6,3,9,3500,0,1,3,,2,053,SR-156,US-101,1584.00,E,N,A,-,Y,SBT,,156," "," ",0.236,H,,R,Y,3,0,1,2,A,-,01,23152,A,N,D,2,A,A,H,-,C,D,0,,,,Y,Y,Y,A,07,0,1,0,0,0,0,0,0,0,"- ","- ",36.859031677246094,-121.57539367675781,"SAN BENITO",UNINCORPORATED,-121.57537078857422,36.859046936035156
94499257,2024,2024-12-13,9725,2024-11-26,1850,022869,,2,2,9,3500,0,3,5,,2,005,"FRAZIER LAKE RD","SHORE RD",1056.00,N,N,A,-,N,,,,,,,,,,Y,3,0,2,1,A,-,08,22107,,N,E,I,A,B,H,-,D,D,0,,,,,Y,,A,01,0,1,1,0,0,0,0,0,0,"- ","- ",36.941749572753906,-121.46031951904297,"SAN BENITO",UNINCORPORATED,-121.45909118652344,36.940654754638672
94501781,2024,2024-12-13,9725,2024-12-05,1850,024023,,4,2,9,3500,0,3,5,,2,009,"SAN JUAN RD",US-101,528.00,W,N,A,-,N,,,,,,,,,,N,4,0,2,2,A,-,05,21651,B,N,A,C,A,A,H,-,D,D,0,,,,,Y,,D,22,0,0,2,0,0,0,0,0,0,"- ","- ",36.858638763427734,-121.62854766845703,"SAN BENITO",UNINCORPORATED,-121.62895202636719,36.85882568359375
94502169,2024,2024-12-13,9725,2024-11-24,1350,022334,,7,1,4,3501,0,1,3,,1,054,SR-25,SR-156,0.00,,Y,A,-,N,,,,,,,,,,N,4,0,2,2,A,-,01,23152,A,N,D,C,A,A,H,-,A,D,0,,,,,Y,Y,A,01,0,0,2,0,0,0,0,0,0,"- ","- ",36.895389556884766,-121.42697906494141,"SAN BENITO",HOLLISTER,-121.40129852294922,36.865177154541016
94510036,2024,2024-12-19,9725,2024-11-29,1313,022777,,5,1,9,3500,0,1,2,,1,056,"US-101 NORTHBOUND","ROCKS RD",0.00,,Y,A,-,Y,SBT,,101," "," ",1.631,H,,R,Y,2,0,3,2,A,-,09,21802,A,N,D,2,A,A,H,-,A,D,0,,,,,Y,,A,01,2,0,1,0,0,0,0,0,0,"- ","- ",36.859619140625,-121.60408782958984,"SAN BENITO",UNINCORPORATED,-121.60409545898438,36.859600067138672
94525458,2024,2025-01-03,9725,2024-11-24,1658,023919,,7,2,9,3500,0,1,2,,1,056,"US-101 N/B TO SR-156",SR-156,0.00,,Y,A,-,Y,SBT,,156," "," ",0.050,H,,R,Y,3,0,1,2,A,-,09,21802,A,N,D,2,A,A,H,-,A,D,0,,,,,Y,,A,07,0,1,0,0,0,0,0,0,0,"- ","- ",36.861278533935547,-121.57832336425781,"SAN BENITO",UNINCORPORATED,-121.57829284667969,36.861312866210938
9453493,2022,2022-06-22,3501,2022-04-18,1640,11131,3501,1,5,4,3501,0,0,0,,0,DAY,"HILLCREST RD","MEMORIAL DR",0.00,,Y,A,-,N,,,,,,,,,,Y,4,0,1,2,A,-,12,22450,A,N,D,C,A,A,H,-,A,A,0,,,,,Y,Y,A,01,0,0,1,0,0,0,0,0,0,"- ","- ",,,"SAN BENITO",HOLLISTER,-121.38375854492188,36.847492218017578
94536271,2024,2025-01-13,9725,2024-12-16,"435 ",023370,,1,3,9,3500,0,2,4,,1,052,"FAIRVIEW RD","LOS VIBORAS RD",0.00,,Y,A,-,N,,,,,,,,,,Y,3,0,1,2,A,-,09,21802,A,N,A,C,A,A,H,-,D,A,0,,,,,Y,,A,01,0,1,0,0,0,0,0,0,0,"- ","- ",36.925300598144531,-121.37796020507812,"SAN BENITO",UNINCORPORATED,-121.37799835205078,36.925281524658203
94537766,2024,2025-01-14,9725,2024-12-05,1330,022777,,4,1,9,3500,0,3,5,,2,005,"WRIGHT RD",SR-25,53.00,E,N,A,-,N,,,,,,,,,,N,4,0,1,2,A,-,03,22350,,N,C,C,A,A,H,-,A,D,0,,,,,Y,,D,22,0,0,1,0,0,0,0,0,0,"- ","- ",36.869579315185547,-121.40619659423828,"SAN BENITO",UNINCORPORATED,-121.40629577636719,36.869571685791016
94548063,2025,2025-01-23,9725,2025-01-02,1745,023169,,4,2,9,3500,0,3,5,,2,007,"PRESCOTT RD W/B","SAN JUSTO RD",528.00,W,N,A,-,N,,,,,,,,,,Y,3,0,1,1,A,-,01,23152,A,N,E,I,A,A,H,-,B,D,0,,,,,Y,Y,A,01,0,1,0,0,0,0,0,0,0,"- ","- ",36.860801696777344,-121.54107666015625,"SAN BENITO",UNINCORPORATED,-121.54190826416016,36.860260009765625
94554303,2025,2025-01-29,9725,2025-01-02,"15  ",022111,,4,3,9,3500,0,1,2,,1,056,"US-101 SB",SR-129,528.00,N,N,A,-,Y,SBT,,101," "," ",5.622,H,,L,Y,4,0,1,1,A,-,08,22107,,N,E,I,A,A,H,-,D,D,0,,,,,Y,,A,01,0,0,1,0,0,0,0,0,0,"- ","- ",36.892158508300781,-121.55638885498047,"SAN BENITO",UNINCORPORATED,-121.5565185546875,36.892169952392578
94555252,2025,2025-04-10,9725,2025-01-02,"555 ",023192,,4,3,9,3500,0,1,3,,1,054,SR-25,SR-156,0.00,,Y,A,-,Y,SBT,,25," "," ",54.027,H,,R,Y,3,0,1,2,A,-,09,21803,A,N,D,C,A,A,H,-,C,A,0,,,,,Y,,A,07,0,1,0,0,0,0,0,0,0,"- ","- ",36.895229339599609,-121.42729187011719,"SAN BENITO",UNINCORPORATED,-121.42710876464844,36.895343780517578
94557942,2025,2025-02-03,9725,2025-01-25,"125 ",023192,,6,3,9,3500,0,3,5,,2,005,"SR-156 E/B","SAN FELIPE RD",1056.00,W,N,A,-,Y,SBT,,156," ",R,12.981,H,,R,Y,3,0,1,2,A,-,08,22107,,N,B,C,A,A,H,-,D,D,0,,,,,Y,,A,01,0,1,0,0,0,0,0,0,0,"- ","- ",36.907478332519531,-121.40811920166016,"SAN BENITO",UNINCORPORATED,-121.40811920166016,36.907520294189453
94557949,2025,2025-02-03,9725,2025-01-25,1403,022571,,6,2,9,3500,0,1,3,,2,053,"SR-156 WESTBOUND","ROCKS ROAD",686.00,E,N,B,C,Y,SBT,,156," "," ",1.057,H,,L,Y,3,0,1,1,A,-,03,22350,,N,E,I,A,B,H,-,A,D,0,,,,,Y,,D,22,0,1,0,0,0,0,0,0,0,"- ","- ",36.851760864257812,-121.56526184082031,"SAN BENITO",UNINCORPORATED,-121.56519317626953,36.851856231689453
94564557,2025,2025-02-04,9725,2025-01-01,"515 ",022827,,3,3,9,3500,0,1,3,,1,054,"SR-25 S/B","SANTA ANA RD",1056.00,N,N,B,-,Y,SBT,,25," ",R,51.347,H,,L,N,3,0,1,1,A,-,01,23152,A,N,E,I,A,A,H,-,D,D,0,,,,,Y,Y,A,01,0,1,0,0,0,0,0,0,0,"- ","- ",36.859699249267578,-121.39099884033203,"SAN BENITO",UNINCORPORATED,-121.39083862304688,36.859695434570312
94565207,2025,2025-02-04,9725,2025-01-23,"615 ",024210,,4,1,9,3500,0,3,5,,2,005,"FRAZIER LAKE ROAD","SHORE RD",6864.00,N,N,A,-,N,,,,,,,,,,Y,4,0,1,2,A,-,05,21460,,N,C,C,A,A,H,-,B,D,0,,,,,Y,,A,01,0,0,1,0,0,0,0,0,0,"- ","- ",36.952098846435547,-121.47469329833984,"SAN BENITO",UNINCORPORATED,-121.47367095947266,36.951473236083984
94584532,2025,2025-02-19,9725,2025-02-11,2246,024176,,2,3,9,3500,0,1,2,,1,056,"US-101 S/B","SR-156 W/B",300.00,S,N,B,C,Y,SBT,,101," "," ",2.789,H,,L,Y,4,0,2,1,A,-,08,22107,,N,E,I,A,B,H,-,D,D,0,,,,,Y,,A,01,0,0,2,0,0,0,0,0,0,"- ","- ",36.861640930175781,-121.58428955078125,"SAN BENITO",UNINCORPORATED,-121.58428955078125,36.861598968505859
94596073,2025,2025-03-04,9725,2025-02-20,1005,019215,,4,1,9,3500,0,1,3,,2,053,SR0156,"US-101 N/B",1162.00,E,N,A,-,Y,SBT,,156," "," ",0.166,H,,L,N,4,0,2,2,A,-,03,22350,,N,C,C,A,A,H,-,A,D,0,,,,,Y,,D,22,0,0,2,0,0,0,0,0,0,"- ","- ",36.85968017578125,-121.57597351074219,"SAN BENITO",UNINCORPORATED,-121.57592010498047,36.859714508056641
94597138,2025,2025-03-05,9725,2025-02-17,"59  ",023921,,1,3,9,3500,0,1,3,,1,054,SR-25,SR-156,0.00,,Y,A,-,Y,SBT,,25," "," ",54.060,H,,R,Y,4,0,1,2,A,-,03,22350,,N,B,C,A,A,H,-,C,A,0,,,,,Y,,A,01,0,0,1,0,0,0,0,0,0,"- ","- ",36.8956298828125,-121.42762756347656,"SAN BENITO",UNINCORPORATED,-121.42748260498047,36.895725250244141
94597148,2025,2025-03-05,9725,2025-02-18,1054,024176,,2,1,9,3500,0,1,2,,1,056,"SR-156 E/B","MONTEREY ST.",0.00,,Y,A,-,Y,SBT,,156," "," ",2.277,H,,R,Y,3,0,3,2,A,-,09,21801,A,N,D,C,A,A,H,-,A,D,0,,,,,Y,,A,07,0,1,2,0,0,0,0,0,0,"- ","- ",36.844799041748047,-121.54548645019531,"SAN BENITO",UNINCORPORATED,-121.54560852050781,36.844676971435547
94597256,2025,2025-03-05,9725,2025-02-17,1258,019331,,1,1,9,3500,0,3,5,,2,005,"CIENEGA RD","ASHFORD CIR",1320.00,S,N,A,-,N,,,,,,,,,,Y,4,0,1,1,A,-,03,22350,,N,F,0,A,A,H,-,A,D,0,,,,Y,Y,,G,26,0,0,1,0,0,0,0,0,0,"- ","- ",36.805500030517578,-121.40621185302734,"SAN BENITO",UNINCORPORATED,-121.40640258789062,36.804893493652344
94607417,2025,2025-03-18,9725,2025-02-24,"340 ",023169,,1,3,9,3500,0,1,3,,1,140,"SR-156 W/B","PACHECO CREEK DRIVE",528.00,E,N,A,-,Y,SBT,,156," ",R,17.695,H,,L,N,3,0,1,1,C,-,18,,,N,E,I,A,A,H,-,D,D,0,,,,,Y,,-,"- ",0,1,0,0,0,0,0,0,0,"- ","- ",36.949531555175781,-121.38385772705078,"SAN BENITO",UNINCORPORATED,-121.3837890625,36.949504852294922
94610704,2025,2025-03-19,9725,2025-03-12,1450,024176,,3,2,9,3500,0,1,2,,1,056,"US-101 N/B",SR-156,4224.00,N,N,C,-,Y,SBT,,101," ",R,3.896,H,,R,N,4,0,1,2,A,-,08,22107,,N,B,C,A,B,H,-,A,D,0,,,,,Y,,D,22,0,0,1,0,0,0,0,0,0,"- ","- ",36.871158599853516,-121.57203674316406,"SAN BENITO",UNINCORPORATED,-121.572021484375,36.87115478515625
94611068,2025,2025-05-07,9725,2025-03-18,1259,019215,,2,1,9,3500,0,3,5,,2,005,"SUNNYSLOPE ROAD","FAIRVIEW ROAD",25.00,E,N,A,-,N,,,,,,,,,,Y,4,0,2,2,A,-,03,22350,,N,D,C,A,A,H,-,A,A,0,,,,,Y,,A,01,0,0,2,0,0,0,0,0,0,"- ","- ",36.839248657226562,-121.36337280273438,"SAN BENITO",UNINCORPORATED,-121.36353302001953,36.839202880859375
9463579,2022,2022-08-23,3501,2022-05-02,2110,11131,3501,1,5,4,3501,0,0,0,,0,GRA,"AIRLINE HWY","HILLCREST RD",113.00,N,N,A,-,Y,SBT,5,25,-,R,50.550,H,-,S,N,4,0,1,2,A,-,03,22350,,N,C,C,A,A,H,-,C,A,0,,,,,Y,,A,01,0,0,1,0,0,0,0,0,0,"- ","- ",,,"SAN BENITO",HOLLISTER,-121.39034271240234,36.848201751708984
94641084,2025,2025-04-08,9725,2025-03-31,"405 ",023192,,1,3,9,3500,0,1,3,,1,054,SR-156,SR-25,0.00,,Y,C,-,Y,SBT,,156," ",R,11.419,H,,R,N,3,0,2,2,A,-,09,21803,A,N,D,C,A,B,H,-,D,A,0,,,,,Y,,A,01,0,2,0,0,0,0,0,0,0,"- ","- ",36.896320343017578,-121.42698669433594,"SAN BENITO",UNINCORPORATED,-121.42720794677734,36.896354675292969
94680618,2025,2025-05-08,9725,2025-05-01,"825 ",022334,,4,1,9,3500,0,1,3,,1,051,SR-25,"LA GLORIA RD",0.19,S,N,A,-,N,,,,,,,,,,Y,3,0,1,3,A,-,08,22107,,N,B,C,A,A,H,-,A,D,0,,,,Y,Y,,G,27,0,1,0,0,0,0,0,0,0,"- ","- ",36.564281463623047,-121.18084716796875,"SAN BENITO",UNINCORPORATED,,
94683728,2025,2025-05-12,9725,2025-04-20,1150,024023,,7,1,9,3500,0,3,5,,2,007,"ROCKS RD","US-101 N/B",528.00,E,N,A,-,N,,,,,,,,,,Y,4,0,1,1,A,-,01,23152,F,N,E,8,A,A,A,-,D,D,0,,,,,Y,,A,07,0,0,1,0,0,0,0,0,0,"- ","- ",36.85736083984375,-121.59719085693359,"SAN BENITO",UNINCORPORATED,-121.60263824462891,36.858856201171875
94704195,2025,2025-05-28,9725,2025-05-19,"700 ",024437,,1,1,9,3500,0,1,3,,1,054,"SR-25 N/B","HUDNER LN.",5280.00,N,N,A,-,Y,SBT,,25," "," ",55.962,H,,R,Y,4,0,1,2,A,-,03,22350,,N,C,2,A,A,H,-,A,D,0,,,,,Y,,A,01,0,0,1,0,0,0,0,0,0,"- ","- ",36.917331695556641,-121.44850921630859,"SAN BENITO",UNINCORPORATED,-121.44856262207031,36.91729736328125
94713139,2025,2025-06-04,9725,2025-05-22,1846,023921,,4,2,1,3502,0,1,3,,2,053,"SR-156 E/B","THE ALAMEDA",1056.00,E,N,A,-,Y,SBT,,156," "," ",3.244,H,,R,Y,4,0,1,2,A,-,03,22350,,N,C,C,A,A,H,-,A,D,0,,,,,Y,,A,01,0,0,1,0,0,0,0,0,0,"- ","- ",36.840610504150391,-121.5296630859375,"SAN BENITO","SAN JUAN BAUTISTA",-121.52967071533203,36.840751647949219
94715169,2025,2025-06-05,9725,2025-05-23,1830,024023,,5,2,9,3500,0,1,2,,1,056,"US-101 SB","CANNON RD",528.00,N,N,A,-,Y,SBT,,101," "," ",1.852,H,,L,Y,3,0,3,2,A,-,03,22350,,N,C,C,A,A,H,-,A,D,0,,,,,Y,,A,01,0,2,1,0,0,0,0,0,0,"- ","- ",36.859489440917969,-121.60025024414062,"SAN BENITO",UNINCORPORATED,-121.60025024414062,36.859508514404297
94721725,2025,2025-06-11,9725,2025-05-31,"755 ",022777,,6,1,9,3500,0,1,3,,2,053,SR-156,"UNION RD",53.00,E,N,A,-,Y,,,,,,,,,,Y,3,0,2,3,A,-,08,22107,,N,B,C,A,A,D,-,A,A,0,,,,,Y,,A,01,0,2,0,0,0,0,0,0,0,"- ","- ",36.842388153076172,-121.45722961425781,"SAN BENITO",UNINCORPORATED,-121.45755767822266,36.842498779296875
9473562,2022,2022-08-26,3501,2022-06-27,0906,11060,3501,1,5,4,3501,0,0,0,,0,DAY,"SAN FELIPE RD","SANTA ANA RD",0.00,,Y,A,-,N,,,,,,,,,,Y,4,0,1,2,A,-,03,22350,,N,C,C,A,A,H,-,A,A,0,,,,,Y,,A,01,0,0,1,0,0,0,0,0,0,"- ","- ",,,"SAN BENITO",HOLLISTER,-121.40191650390625,36.856674194335938