CASE_ID,ACCIDENT_YEAR,PROC_DATE,JURIS,COLLISION_DATE,COLLISION_TIME,OFFICER_ID,REPORTING_DISTRICT,DAY_OF_WEEK,CHP_SHIFT,POPULATION,CNTY_CITY_LOC,SPECIAL_COND,BEAT_TYPE,CHP_BEAT_TYPE,CITY_DIVISION_LAPD,CHP_BEAT_CLASS,BEAT_NUMBER,PRIMARY_RD,SECONDARY_RD,DISTANCE,DIRECTION,INTERSECTION,WEATHER_1,WEATHER_2,STATE_HWY_IND,CALTRANS_COUNTY,CALTRANS_DISTRICT,STATE_ROUTE,ROUTE_SUFFIX,POSTMILE_PREFIX,POSTMILE,LOCATION_TYPE,RAMP_INTERSECTION,SIDE_OF_HWY,TOW_AWAY,COLLISION_SEVERITY,NUMBER_KILLED,NUMBER_INJURED,PARTY_COUNT,PRIMARY_COLL_FACTOR,PCF_CODE_OF_VIOL,PCF_VIOL_CATEGORY,PCF_VIOLATION,PCF_VIOL_SUBSECTION,HIT_AND_RUN,TYPE_OF_COLLISION,MVIW,PED_ACTION,ROAD_SURFACE,ROAD_COND_1,ROAD_COND_2,LIGHTING,CONTROL_DEVICE,CHP_ROAD_TYPE,PEDESTRIAN_ACCIDENT,BICYCLE_ACCIDENT,MOTORCYCLE_ACCIDENT,TRUCK_ACCIDENT,NOT_PRIVATE_PROPERTY,ALCOHOL_INVOLVED,STWD_VEHTYPE_AT_FAULT,CHP_VEHTYPE_AT_FAULT,COUNT_SEVERE_INJ,COUNT_VISIBLE_INJ,COUNT_COMPLAINT_PAIN,COUNT_PED_KILLED,COUNT_PED_INJURED,COUNT_BICYCLIST_KILLED,COUNT_BICYCLIST_INJURED,COUNT_MC_KILLED,COUNT_MC_INJURED,PRIMARY_RAMP,SECONDARY_RAMP,LATITUDE,LONGITUDE,COUNTY,CITY,POINT_X,POINT_Y
8582941,2018,2018-03-28,3501,2018-02-20,0930,10926,3501,2,5,4,3501,0,0,0,,0,DAY,"AIRLINE HWY","UNION RD",10.00,S,N,A,-,N,,,,,,,,,,Y,4,0,1,2,A,-,12,21453,A,N,D,C,A,A,H,-,A,A,0,,,,,Y,,A,01,0,0,1,0,0,0,0,0,0,"- ","- ",,,"SAN BENITO",HOLLISTER,-121.38240051269531,36.826789855957031
8582945,2018,2018-03-28,3501,2018-02-14,1630,10925,3501,3,5,4,3501,0,0,0,,0,DAY,"MONTEREY ST","7TH ST",0.00,,Y,A,-,N,,,,,,,,,,N,4,0,1,2,A,-,11,21950,B,N,G,B,B,A,H,-,A,D,0,Y,,,,Y,,N,60,0,0,1,0,1,0,0,0,0,"- ","- ",,,"SAN BENITO",HOLLISTER,-121.4039306640625,36.849399566650391
8583046,2018,2018-03-27,3501,2018-02-11,1236,10916,3501,7,5,4,3501,0,0,0,,0,,"SAN BENITO ST","5TH ST",0.00,S,N,B,-,N,,,,,,,,,,N,4,0,1,2,A,-,03,22350,,N,C,C,A,A,H,-,A,D,0,,,,,Y,,A,01,0,0,1,0,0,0,0,0,0,"- ","- ",,,"SAN BENITO",HOLLISTER,-121.40209197998047,36.851470947265625
8636181,2018,2018-06-20,3501,2018-03-21,1456,75300,3501,3,5,4,3501,0,0,0,,0,DAY,"NASH RD","PRUNE ST",0.00,,Y,B,-,N,,,,,,,,,,Y,4,0,1,2,A,-,12,22450,A,N,D,C,A,A,H,-,A,D,0,,,,,Y,,A,01,0,0,1,0,0,0,0,0,0,"- ","- ",,,"SAN BENITO",HOLLISTER,-121.39917755126953,36.839649200439453
8636185,2018,2018-06-20,3501,2018-03-09,0715,75300,3501,5,5,4,3501,0,0,0,,0,DAY,"SAN FELIPE RD","GATEWAY DR",0.00,,Y,B,-,N,,,,,,,,,,Y,4,0,3,2,A,-,09,21802,A,N,C,C,A,A,H,-,A,D,0,,,,,Y,,A,01,0,0,3,0,0,0,0,0,0,"- ","- ",,,"SAN BENITO",HOLLISTER,-121.40164947509766,36.861911773681641
8636237,2018,2018-06-21,3501,2018-02-24,1738,10895,3501,6,5,4,3501,0,0,0,,0,DAY,"SALLY ST","SANTA ANA RD",0.00,,-,A,-,N,,,,,,,,,,N,4,0,1,2,A,-,03,22350,,N,D,C,A,A,H,-,A,D,0,,,Y,,Y,,C,02,0,0,1,0,0,0,0,0,1,"- ","- ",,,"SAN BENITO",HOLLISTER,-121.39985656738281,36.856590270996094
8664991,2018,2018-10-18,3501,2018-06-05,1559,75300,3501,2,5,4,3501,0,0,0,,0,DAY,"AIRLINE HWY","TRES PINOS RD",10.00,S,N,A,-,Y,SBT,5,25,-,R,40.934,I,5,S,N,4,0,1,2,A,-,10,21950,A,N,G,B,B,A,H,-,A,A,0,Y,,,,Y,,A,01,0,0,1,0,1,0,0,0,0,"- ","- ",,,"SAN BENITO",HOLLISTER,-121.28784942626953,36.750831604003906
8667146,2018,2018-10-25,3500,2018-07-02,1457,0841,33,1,5,1,3502,0,0,0,,0,ALL,"RT 156","THE ALAMEDA",0.00,,Y,A,-,Y,SBT,5,156,-,-,3.020,H,-,W,Y,3,0,2,4,A,-,03,22350,,M,C,C,A,A,H,-,A,A,0,,,,,Y,,A,01,0,1,1,0,0,0,0,0,0,"- ","- ",,,"SAN BENITO","SAN JUAN BAUTISTA",-121.53364562988281,36.840732574462891
8671853,2018,2018-08-10,3501,2018-05-29,2322,11017,3501,2,5,4,3501,0,0,0,,0,GRA,"RANCHO DR","PARK ST",30.00,S,N,A,-,N,,,,,,,,,,Y,4,0,1,1,A,-,08,22107,,N,A,I,A,A,H,-,C,D,0,,,,,Y,,A,01,0,0,1,0,0,0,0,0,0,"- ","- ",,,"SAN BENITO",HOLLISTER,-121.39675140380859,36.843406677246094
8676534,2018,2018-08-27,3501,2018-05-13,2227,10950,3501,7,5,4,3501,0,0,0,,0,GRA,"TRES PINOS RD","AIRLINE HWY",0.00,,N,A,-,Y,SBT,5,25,-,R,49.961,I,6,S,Y,4,0,1,2,A,-,12,21453,A,N,B,C,A,A,H,-,C,A,0,,,,,Y,,A,01,0,0,1,0,0,0,0,0,0,"- ","- ",,,"SAN BENITO",HOLLISTER,-121.39096069335938,36.839637756347656
8676543,2018,2018-10-18,3501,2018-05-04,2303,10993,3501,5,5,4,3501,0,0,0,,0,GRA,"MERIDIAN ST","RT 25",0.00,,Y,A,-,Y,SBT,5,25,-,R,50.809,I,5,N,Y,4,0,1,2,A,-,01,23152,A,N,A,C,A,A,H,-,C,A,0,,,,,Y,Y,A,07,0,0,1,0,0,0,0,0,0,"- ","- ",,,"SAN BENITO",HOLLISTER,-121.39020538330078,36.851974487304688
8694160,2018,2018-10-11,3501,2018-04-30,1623,11009,3501,1,5,4,3501,0,0,0,,0,DAY,"WEST GRAF RD","BRIDGEVALE RD",0.00,,Y,A,-,N,,,,,,,,,,N,4,0,1,2,A,-,06,21750,,N,B,C,A,A,H,-,A,D,0,,,,,Y,,A,01,0,0,1,0,0,0,0,0,0,"- ","- ",,,"SAN BENITO",HOLLISTER,-121.43025970458984,36.855499267578125
8694258,2018,2018-09-25,3501,2018-06-12,1204,10925,3501,2,5,4,3501,0,0,0,,0,DAY,"SAN FELIPE RD","FLYNN RD",0.00,,Y,A,-,N,,,,,,,,,,Y,4,0,3,2,A,-,09,21804,A,N,D,C,A,A,H,-,A,D,0,,,,,Y,,D,22,0,0,3,0,0,0,0,0,0,"- ","- ",,,"SAN BENITO",HOLLISTER,-121.40042114257812,36.881599426269531
8696434,2018,2018-09-25,3501,2018-06-08,1130,10926,3501,5,5,4,3501,0,0,0,,0,DAY,"POWELL ST","C ST",5.00,N,N,A,-,N,,,,,,,,,,Y,4,0,3,2,A,-,09,21804,A,N,D,C,A,A,H,-,A,D,0,,,,,Y,,A,01,0,0,3,0,0,0,0,0,0,"- ","- ",,,"SAN BENITO",HOLLISTER,-121.40795135498047,36.841865539550781
8696450,2018,2018-09-25,3501,2018-06-20,2308,10615,3501,3,5,4,3501,0,0,0,,0,GRA,"BORDEAUX PL","VINTAGE WY",0.00,,Y,A,-,N,,,,,,,,,,Y,4,0,1,1,A,-,01,23152,A,N,E,I,A,A,H,-,C,D,0,,,,,Y,Y,A,01,0,0,1,0,0,0,0,0,0,"- ","- ",,,"SAN BENITO",HOLLISTER,-121.39218139648438,36.852508544921875
8715842,2018,2018-10-15,3501,2018-04-20,0825,75300,3501,5,5,4,3501,0,0,0,,0,DAY,"LADD LN","SOUTHSIDE RD",0.00,,Y,A,-,N,,,,,,,,,,N,3,0,1,2,A,-,10,21950,A,F,G,B,B,A,H,-,A,D,0,Y,,,,Y,,A,01,0,1,0,0,1,0,0,0,0,"- ","- ",,,"SAN BENITO",HOLLISTER,-121.39315032958984,36.830341339111328
8715846,2018,2018-10-15,3501,2018-04-13,1222,10916,3501,5,5,4,3501,0,0,0,,0,,"2ND ST","SAN FELIPE RD",0.00,,Y,A,-,N,,,,,,,,,,N,4,0,1,2,A,-,12,22450,A,N,D,G,A,A,H,-,A,D,0,,Y,,,Y,,A,01,0,0,1,0,0,0,1,0,0,"- ","- ",,,"SAN BENITO",HOLLISTER,-121.401996,36.854579000000001
8715858,2018,2018-10-15,3501,2018-04-27,1544,10916,3501,5,5,4,3501,0,0,0,,0,DAY,"TRES PINOS RD","LADD LN",216.00,W,N,A,-,N,,,,,,,,,,N,3,0,1,3,A,-,22,23123,A,N,C,C,A,A,H,-,A,D,0,,,,,Y,,A,01,0,1,0,0,0,0,0,0,0,"- ","- ",,,"SAN BENITO",HOLLISTER,-121.39340972900391,36.839401245117188
8762813,2018,2018-12-27,3501,2018-08-16,1400,01493,3501,4,5,4,3501,0,0,0,,0,DAY,"DEL RIO DR","CARMELA CT",0.00,,Y,A,-,N,,,,,,,,,,Y,4,0,2,2,A,-,09,21802,A,N,D,D,A,A,H,-,A,A,0,,,,,Y,,A,07,0,0,2,0,0,0,0,0,0,"- ","- ",,,"SAN BENITO",HOLLISTER,-121.41416931152344,36.841098785400391
8765226,2018,2019-01-15,3501,2018-07-05,0830,10925,3501,4,5,4,3501,0,0,0,,0,DAY,"MERIDIAN ST","RT 25",0.00,,Y,A,-,Y,SBT,5,25,-,R,50.809,I,5,N,Y,3,0,3,2,A,-,09,21803,B,N,D,C,A,A,H,-,A,A,0,,,,,Y,,A,01,0,1,2,0,0,0,0,0,0,"- ","- ",,,"SAN BENITO",HOLLISTER,-121.39020538330078,36.851974487304688
8781768,2018,2019-02-11,3501,2018-11-30,1321,75300,3501,5,5,4,3501,0,0,0,,0,DAY,"SAN JUAN RD","SAN JUAN HOLLISTER RD",300.00,E,N,A,-,N,,,,,,,,,,Y,2,0,2,4,A,-,08,22107,,N,B,C,A,A,H,-,A,D,0,,,,,Y,,E,22,1,0,1,0,0,0,0,0,0,"- ","- ",,,"SAN BENITO",HOLLISTER,-121.44381713867188,36.852302551269531
8781792,2018,2019-02-28,3501,2018-09-22,1417,10653,3501,6,5,4,3501,0,0,0,,0,DAY,"PARADISE CT","VALLEY VIEW RD",285.00,W,N,A,-,N,,,,,,,,,,N,3,0,1,4,A,-,21,22106,,N,D,E,-,A,H,-,A,D,0,Y,,,,Y,,A,07,0,1,0,0,1,0,0,0,0,"- ","- ",,,"SAN BENITO",HOLLISTER,-121.37734222412109,36.824958801269531
8790170,2018,2019-03-29,3501,2018-10-02,1003,3501,3501,2,5,4,3501,0,0,0,,0,DAY,"DEL RIO DR","LINE ST",15.00,W,N,B,-,N,,,,,,,,,,N,3,0,2,3,A,-,10,21950,A,N,G,B,D,A,H,-,A,D,0,Y,,,,Y,,A,01,0,2,0,0,2,0,0,0,0,"- ","- ",,,"SAN BENITO",HOLLISTER,-121.41303253173828,36.841053009033203
8790197,2018,2019-02-08,3501,2018-11-12,1424,10998,3501,1,5,4,3501,0,0,0,,0,DAY,"MILLER RD","CENTRAL AV",4.00,W,N,A,-,N,,,,,,,,,,N,4,0,1,2,A,-,09,21802,B,N,D,C,A,A,H,-,A,A,0,,,,,Y,,A,01,0,0,1,0,0,0,0,0,0,"- ","- ",,,"SAN BENITO",HOLLISTER,-121.42127990722656,36.855281829833984
8790209,2018,2019-02-08,3501,2018-11-20,0931,10998,3501,2,5,4,3501,0,0,0,,0,DAY,"SAN FELIPE RD","SANTA ANA RD",135.00,N,N,A,-,N,,,,,,,,,,Y,4,0,2,2,A,-,08,22107,,N,D,C,A,A,D,-,A,D,0,,,,,Y,,A,01,0,0,2,0,0,0,0,0,0,"- ","- ",,,"SAN BENITO",HOLLISTER,-121.40187835693359,36.857040405273438
8790259,2018,2019-02-28,3501,2018-09-30,1750,10926,3501,7,5,4,3501,0,0,0,,0,DAY,"NASH RD","WESTSIDE BL",325.00,W,N,A,-,N,,,,,,,,,,Y,4,0,1,2,A,-,01,23153,A,N,C,C,A,A,H,-,A,D,0,,,,,Y,Y,A,01,0,0,1,0,0,0,0,0,0,"- ","- ",,,"SAN BENITO",HOLLISTER,-121.41637420654297,36.839958190917969
8790263,2018,2019-02-14,3501,2018-09-27,0849,11013,3501,4,5,4,3501,0,0,0,,0,DAY,"4TH ST","MILLER RD",279.00,W,N,A,-,N,,,,,,,,,,N,3,0,1,1,A,-,03,22350,,N,H,A,A,D,D,E,A,D,0,,,Y,,Y,,C,02,0,1,0,0,0,0,0,0,1,"- ","- ",,,"SAN BENITO",HOLLISTER,-121.42229461669922,36.853164672851562
8790303,2018,2019-02-14,3501,2018-10-25,1402,75300,3501,4,5,4,3501,0,0,0,,0,DAY,"CENTRAL AV","LA MACCHIA CT",104.00,E,N,A,-,N,,,,,,,,,,Y,4,0,1,2,A,-,05,21460,A,N,B,C,A,A,H,-,A,D,0,,,,,Y,,A,01,0,0,1,0,0,0,0,0,0,"- ","- ",,,"SAN BENITO",HOLLISTER,-121.4150390625,36.854835510253906
8790307,2018,2019-02-14,3501,2018-10-18,1353,75300,3501,4,5,4,3501,0,0,0,,0,DAY,"SUNSET DR","AIRLINE HWY",100.00,E,N,A,-,N,,,,,,,,,,N,3,0,1,3,A,-,03,22350,,N,C,C,A,A,H,-,A,D,0,,,,,Y,,A,01,0,1,0,0,0,0,0,0,0,"- ","- ",,,"SAN BENITO",HOLLISTER,-121.38780975341797,36.835075378417969
8790311,2018,2019-02-14,3501,2018-10-16,1604,11050,3501,2,5,4,3501,0,0,0,,0,DAY,"MERIDIAN ST","CHAPPELL RD",0.00,,Y,A,-,N,,,,,,,,,,N,4,0,2,2,A,-,09,21801,A,N,D,C,A,A,H,-,A,A,0,,,,,Y,,A,07,0,0,2,0,0,0,0,0,0,"- ","- ",,,"SAN BENITO",HOLLISTER,-121.39673614501953,36.852191925048828
8790315,2018,2019-02-28,3501,2018-10-09,1400,11031,3501,2,5,4,3501,0,0,0,,0,DAY,"SAN FELIPE RD","MAPLE ST",514.00,N,N,A,-,N,,,,,,,,,,Y,3,0,1,2,A,-,09,21802,A,N,D,C,A,A,H,-,A,A,0,,,,,Y,,A,08,0,1,0,0,0,0,0,0,0,"- ","- ",,,"SAN BENITO",HOLLISTER,-121.40175628662109,36.859992980957031
8790574,2018,2019-02-12,3501,2018-10-02,1540,11031,3501,2,5,4,3501,0,0,0,,0,DAY,"FALLON RD","SANTA ROSA DR",152.00,W,N,A,-,N,,,,,,,,,,Y,4,0,2,3,A,-,09,21804,A,N,D,C,A,A,H,-,A,D,0,,,,,Y,,D,22,0,0,2,0,0,0,0,0,0,"- ","- ",,,"SAN BENITO",HOLLISTER,-121.39332580566406,36.889270782470703
8790602,2018,2019-02-26,3501,2018-09-01,2159,11013,3501,6,5,4,3501,0,0,0,,0,GRA,"WESTSIDE BL","APRICOT LN",15.00,W,N,A,-,N,,,,,,,,,,N,3,0,1,2,A,-,12,22450,A,F,D,C,A,A,H,-,C,A,0,,,,,Y,,D,22,0,1,0,0,0,0,0,0,0,"- ","- ",,,"SAN BENITO",HOLLISTER,-121.41458892822266,36.844429016113281
8797980,2018,2019-02-08,3501,2018-11-14,1441,75300,3501,3,5,4,3501,0,0,0,,0,DAY,"SOUTH ST","SAN BENITO ST",30.00,E,N,A,-,N,,,,,,,,,,N,3,0,1,2,A,-,08,22107,,N,D,G,A,A,H,-,A,D,0,,Y,,,Y,,A,07,0,1,0,0,0,0,1,0,0,"- ","- ",,,"SAN BENITO",HOLLISTER,-121.40208435058594,36.848339080810547
8812561,2019,2019-03-26,3501,2019-01-04,1139,11047,3501,5,5,4,3501,0,0,0,,0,DAY,"SAN FELIPE RD","WRIGHT RD",113.00,N,N,A,-,N,,,,,,,,,,N,4,0,1,2,A,-,03,22350,,N,C,C,A,A,H,-,A,A,0,,,,,Y,,D,22,0,0,1,0,0,0,0,0,0,"- ","- ",,,"SAN BENITO",HOLLISTER,-121.40121459960938,36.869678497314453
8812626,2018,2019-03-27,3501,2018-12-29,0104,11031,3501,6,5,4,3501,0,0,0,,0,GRA,"CERRA VISTA DR","ALBION CT",158.00,S,N,A,-,N,,,,,,,,,,Y,3,0,1,3,A,-,08,22107,,N,C,E,A,A,H,-,C,D,0,,,,,Y,,D,22,0,1,0,0,0,0,0,0,0,"- ","- ",,,"SAN BENITO",HOLLISTER,-121.37232208251953,36.836048126220703
8812630,2018,2019-03-27,3501,2018-12-07,0621,75300,3501,5,5,4,3501,0,0,0,,0,DAY,"SAN FELIPE RD","FLYNN RD",0.00,,Y,A,-,N,,,,,,,,,,Y,3,0,2,2,A,-,09,21800,A,N,D,C,A,A,H,-,C,D,0,,,,,Y,,D,22,0,1,1,0,0,0,0,0,0,"- ","- ",,,"SAN BENITO",HOLLISTER,-121.40042114257812,36.881599426269531
8812638,2018,2019-04-23,3501,2018-08-28,1528,75300,3501,2,5,4,3501,0,0,0,,0,DAY,"MCCRAY ST","HILLCREST RD",0.00,,Y,A,-,N,,,,,,,,,,Y,4,0,3,2,A,-,12,21453,A,N,D,C,A,A,H,-,A,A,0,,,,,Y,,D,22,0,0,3,0,0,0,0,0,0,"- ","- ",,,"SAN BENITO",HOLLISTER,-121.39659118652344,36.848140716552734
8823092,2018,2019-03-21,3501,2018-12-21,0831,10653,3501,5,5,4,3501,0,0,0,,0,DAY,"SAN FELIPE RD","SANTA ANA RD",143.00,N,N,A,-,N,,,,,,,,,,Y,3,0,1,2,A,-,09,21804,A,N,D,C,A,A,H,-,A,D,0,,,,,Y,,A,01,0,1,0,0,0,0,0,0,0,"- ","- ",,,"SAN BENITO",HOLLISTER,-121.40187835693359,36.857059478759766
8869728,2019,2019-06-17,3501,2019-03-04,1146,3501,3501,1,5,4,3501,0,0,0,,0,DAY,"4TH ST","4TH ST   500 BLOCK",0.00,,N,-,-,N,,,,,,,,,,Y,4,0,1,3,A,-,05,21460,A,N,B,C,A,-,-,-,-,D,0,,,,,Y,,A,01,0,0,1,0,0,0,0,0,0,"- ","- ",,,"SAN BENITO",HOLLISTER,-121.405604,36.852584999999998
8869740,2019,2019-06-17,3501,2019-03-24,1531,1023,3501,7,5,4,3501,0,0,0,,0,DAY,"SUNNYSLOPE RD","CLEARVIEW DR",0.00,,Y,A,-,N,,,,,,,,,,Y,3,0,1,3,A,-,01,23152,A,N,D,C,A,A,H,-,A,A,0,,,,Y,Y,Y,D,22,0,1,0,0,0,0,0,0,0,"- ","- ",,,"SAN BENITO",HOLLISTER,-121.37673950195312,36.838741302490234
8869756,2019,2019-06-13,3501,2019-04-05,1433,11043,3051,5,5,4,3501,0,0,0,,0,DAY,"4TH ST","MONTEREY ST",27.00,W,N,A,-,N,,,,,,,,,,N,4,0,2,2,A,-,03,22350,,N,C,C,A,A,H,-,A,A,0,,,,Y,Y,,F,27,0,0,2,0,0,0,0,0,0,"- ","- ",,,"SAN BENITO",HOLLISTER,-121.40395355224609,36.852550506591797
8871014,2019,2019-06-11,3501,2019-04-05,1730,01493,3501,5,5,4,3501,0,0,0,,0,GRA,"SAN BENITO ST","OLIVE ST",89.00,N,N,A,-,N,,,,,,,,,,Y,4,0,1,2,A,-,03,22350,,N,C,C,A,-,-,-,-,D,0,,,,,Y,,A,07,0,0,1,0,0,0,0,0,0,"- ","- ",,,"SAN BENITO",HOLLISTER,-121.40238189697266,36.842533111572266
8875321,2019,2019-11-07,3500,2019-06-08,1825,1190,3500,6,5,1,3502,0,0,0,,0,0HI,"RT 156","THE ALAMEDA",0.00,,Y,A,-,Y,SBT,5,156,-,-,3.090,H,-,E,Y,4,0,2,3,A,-,03,22350,,N,C,C,A,A,H,-,A,A,0,,,,,Y,,A,01,0,0,2,0,0,0,0,0,0,"- ","- ",,,"SAN BENITO","SAN JUAN BAUTISTA",-121.53229522705078,36.840610504150391
8876722,2019,2019-06-24,3501,2019-03-14,1738,11043,3501,4,5,4,3501,0,0,0,,0,GRA,"MERIDIAN ST","EL TORO DR",450.00,W,N,-,-,N,,,,,,,,,,Y,4,0,1,3,A,-,09,21804,A,N,D,C,A,-,-,-,-,D,0,,,,,Y,,A,01,0,0,1,0,0,0,0,0,0,"- ","- ",,,"SAN BENITO",HOLLISTER,-121.38195037841797,36.851654052734375
8876730,2019,2019-06-17,3501,2019-03-29,1930,11043,3501,5,5,4,3501,0,0,0,,0,GRA,"PARK ST","MCCRAY ST",0.00,,Y,A,-,N,,,,,,,,,,N,4,0,1,2,A,-,05,21650,1,N,D,G,A,A,H,-,A,A,0,,Y,,,Y,,L,04,0,0,1,0,0,0,1,0,0,"- ","- ",,,"SAN BENITO",HOLLISTER,-121.39351654052734,36.843391418457031
8911463,2020,2020-10-22,3501,2020-06-19,1019,1106,3501,5,5,4,3501,0,0,0,,0,DAY,"RT 25 BYPASS","HILLCREST RD",331.00,N,N,A,-,Y,SBT,5,25,-,R,50.650,H,-,N,Y,1,1,0,3,A,-,08,22107,,N,B,C,A,A,H,-,A,D,0,,,Y,,Y,,C,02,0,0,0,0,0,0,0,1,0,"- ","- ",,,"SAN BENITO",HOLLISTER,-121.39009094238281,36.849678039550781
8924745,2019,2019-08-30,3501,2019-05-08,2129,10993,3501,3,5,4,3501,0,0,0,,0,GRA,"SOUTH ST","COLLEGE ST",330.00,W,N,A,-,N,,,,,,,,,,Y,4,0,2,2,A,-,01,23153,A,N,C,E,A,A,H,-,C,D,0,,,,,Y,Y,A,01,0,0,2,0,0,0,0,0,0,"- ","- ",,,"SAN BENITO",HOLLISTER,-121.41056823730469,36.848552703857422
8924822,2019,2019-08-29,3501,2019-06-14,1405,10653,3501,5,5,4,3501,0,0,0,,0,DAY,"MEMORIAL DR","HILLCREST RD",0.00,,Y,A,-,N,,,,,,,,,,N,3,0,1,2,A,-,09,21804,B,N,D,C,A,A,H,-,A,A,0,,,,,Y,,A,01,0,1,0,0,0,0,0,0,0,"- ","- ",,,"SAN BENITO",HOLLISTER,-121.38375854492188,36.847488403320312
8935478,2019,2019-09-25,3501,2019-07-12,1831,10668,3501,5,5,4,3501,0,0,0,,0,SW1,"POWELL ST","5TH ST",0.00,,Y,A,-,N,,,,,,,,,,Y,4,0,1,2,A,-,01,23153,A,N,D,C,A,-,-,-,-,A,0,,,,,Y,Y,D,22,0,0,1,0,0,0,0,0,0,"- ","- ",,,"SAN BENITO",HOLLISTER,-121.40762329101562,36.851619720458984
8939227,2019,2019-12-11,3501,2019-09-04,1357,10926,3501,3,5,4,3501,0,0,0,,0,DAY,"SAN FELIPE RD","FALLON RD",0.00,,Y,A,-,N,,,,,,,,,,Y,1,1,0,2,A,-,12,21453,A,N,D,C,A,-,-,-,A,A,0,,,Y,,Y,,C,02,0,0,0,0,0,0,0,1,0,"- ","- ",,,"SAN BENITO",HOLLISTER,-121.40023803710938,36.885669708251953
8942572,2019,2019-09-25,3501,2019-07-21,2037,11031,3501,7,5,4,3501,0,0,0,,0,GRA,"MERIDIAN ST","CHAPPELL RD",17.00,E,N,A,-,N,,,,,,,,,,Y,4,0,1,2,A,-,09,21801,A,N,A,C,A,A,H,-,B,A,0,,,,,Y,,A,07,0,0,1,0,0,0,0,0,0,"- ","- ",,,"SAN BENITO",HOLLISTER,-121.39668273925781,36.852188110351562
8965388,2019,2019-10-30,3501,2019-08-07,1057,19025,3501,3,5,4,3501,0,0,0,,0,DAY,"4TH ST","WEST ST",0.00,,Y,A,-,N,,,,,,,,,,N,4,0,1,2,A,-,03,22350,,N,C,C,A,A,H,-,A,D,0,,,,,Y,,A,01,0,0,1,0,0,0,0,0,0,"- ","- ",,,"SAN BENITO",HOLLISTER,-121.40560150146484,36.852588653564453
8965392,2019,2019-11-20,3501,2019-08-07,1419,7500,3501,3,5,4,3501,0,0,0,,0,DAY,"MONTEREY ST","4TH ST",0.00,,Y,A,-,N,,,,,,,,,,N,4,0,1,2,A,-,09,21800,A,N,D,C,A,A,H,-,A,D,0,,,,,Y,,A,01,0,0,1,0,0,0,0,0,0,"- ","- ",,,"SAN BENITO",HOLLISTER,-121.40386199951172,36.852550506591797
8977379,2019,2019-11-15,3501,2019-08-09,1425,01493,3504,5,5,4,3501,0,0,0,,0,DAY,"SAN FELIPE RD","FLORA AV",0.00,,Y,A,-,N,,,,,,,,,,Y,4,0,3,2,A,-,09,21801,A,N,D,C,A,A,H,-,A,D,0,,,,,Y,,A,07,0,0,3,0,0,0,0,0,0,"- ","- ",,,"SAN BENITO",HOLLISTER,-121.40174865722656,36.860050201416016
8985477,2019,2020-06-29,3501,2019-09-12,2300,11074,3501,4,5,4,3501,0,0,0,,0,GRA,"RT 25","SUNNYSLOPE RD",25.00,N,N,A,-,Y,SBT,5,25,-,R,49.940,H,-,S,Y,4,0,3,2,A,-,01,23153,A,N,D,C,A,A,H,-,C,A,0,,,,,Y,Y,A,01,0,0,3,0,0,0,0,0,0,"- ","- ",,,"SAN BENITO",HOLLISTER,-121.39092254638672,36.839332580566406
90019083,2015,2015-10-19,9725,2015-09-10,1812,019305,,4,2,9,3500,0,2,4,,1,052,"FAIRVIEW RD","FALLON RD",35.00,N,N,A,-,N,,,,,,,,,,Y,3,0,1,1,A,-,01,23152,A,N,E,I,A,A,H,-,A,D,0,,,,,Y,Y,A,01,0,1,0,0,0,0,0,0,0,"- ","- ",36.902279999999998,-121.36357,"SAN BENITO",UNINCORPORATED,-121.36363693,36.902356109999999
90019873,2015,2015-10-19,9725,2015-09-06,1414,020971,,7,2,9,3500,0,1,3,,1,051,SR-25,"BOLADO RD",1056.00,N,N,A,-,Y,,,25,,,,,,,Y,3,0,1,1,A,-,01,23152,A,N,E,I,A,A,H,-,A,D,0,,,,,Y,Y,A,01,0,1,0,0,0,0,0,0,0,"- ","- ",36.783520000000003,-121.31411,"SAN BENITO",UNINCORPORATED,-121.3141442,36.783504659999998
90023452,2015,2015-10-19,9725,2015-09-04,2010,021056,,5,2,9,3500,0,1,3,,2,055,"SR-156 W/B","FAIRVIEW RD",170.00,E,N,A,-,Y,,,156,,,,,,W,Y,4,0,2,2,A,-,03,22350,,N,C,C,A,A,H,-,A,A,0,,,,,Y,,A,01,0,0,2,0,0,0,0,0,0,"- ","- ",36.933599999999998,-121.38818999999999,"SAN BENITO",UNINCORPORATED,-121.38804378,36.933556709999998
90028004,2015,2015-10-19,9725,2015-09-07,2006,020971,,1,2,9,3500,0,1,3,,2,053,"SR-156 E/B","UNION RD.",1056.00,W,N,A,-,Y,,,156,,,,,,E,Y,4,0,1,2,A,-,03,22350,,N,C,C,A,A,H,-,D,D,0,,,,,Y,,A,01,0,0,1,0,0,0,0,0,0,"- ","- ",36.841700000000003,-121.46134000000001,"SAN BENITO",UNINCORPORATED,-121.46134035,36.841744409999997
90028099,2015,2015-10-19,9725,2015-09-23,1430,021067,,3,2,9,3500,0,3,5,,2,005,"PANOCHE RD",SR-25,5808.00,E,N,A,-,N,,,,,,,,,,Y,2,0,1,1,A,-,08,22107,,N,E,I,A,A,H,-,A,D,0,,,,,Y,,A,07,1,0,0,0,0,0,0,0,0,"- ","- ",36.720970000000001,-121.26116,"SAN BENITO",UNINCORPORATED,-121.2618506,36.721517540000001
90030737,2015,2015-10-19,9725,2015-09-27,1000,019887,,7,1,9,3500,0,3,5,,2,005,"SAN FELIPE RD",SR-152,1500.00,S,N,A,-,N,,,,,,,,,,Y,3,0,1,1,A,-,08,22107,,N,E,I,A,A,H,-,A,D,0,,,,,Y,,A,07,0,1,0,0,0,0,0,0,0,"- ","- ",36.957210000000003,-121.41661999999999,"SAN BENITO",UNINCORPORATED,-121.41869366,36.966919420000004
90032773,2015,2015-10-19,9725,2015-09-28,1615,020971,,1,2,9,3500,0,1,3,,2,053,SR-156,"UNION RD",528.00,W,N,B,-,Y,,,156,,,,,,,Y,4,0,2,3,A,-,03,22350,,N,C,C,A,A,H,-,A,D,0,,,,,Y,,A,07,0,0,2,0,0,0,0,0,0,"- ","- ",36.841839999999998,-121.45917,"SAN BENITO",UNINCORPORATED,-121.45918288,36.841892629999997