CASE_ID,ACCIDENT_YEAR,PROC_DATE,JURIS,COLLISION_DATE,COLLISION_TIME,OFFICER_ID,REPORTING_DISTRICT,DAY_OF_WEEK,CHP_SHIFT,POPULATION,CNTY_CITY_LOC,SPECIAL_COND,BEAT_TYPE,CHP_BEAT_TYPE,CITY_DIVISION_LAPD,CHP_BEAT_CLASS,BEAT_NUMBER,PRIMARY_RD,SECONDARY_RD,DISTANCE,DIRECTION,INTERSECTION,WEATHER_1,WEATHER_2,STATE_HWY_IND,CALTRANS_COUNTY,CALTRANS_DISTRICT,STATE_ROUTE,ROUTE_SUFFIX,POSTMILE_PREFIX,POSTMILE,LOCATION_TYPE,RAMP_INTERSECTION,SIDE_OF_HWY,TOW_AWAY,COLLISION_SEVERITY,NUMBER_KILLED,NUMBER_INJURED,PARTY_COUNT,PRIMARY_COLL_FACTOR,PCF_CODE_OF_VIOL,PCF_VIOL_CATEGORY,PCF_VIOLATION,PCF_VIOL_SUBSECTION,HIT_AND_RUN,TYPE_OF_COLLISION,MVIW,PED_ACTION,ROAD_SURFACE,ROAD_COND_1,ROAD_COND_2,LIGHTING,CONTROL_DEVICE,CHP_ROAD_TYPE,PEDESTRIAN_ACCIDENT,BICYCLE_ACCIDENT,MOTORCYCLE_ACCIDENT,TRUCK_ACCIDENT,NOT_PRIVATE_PROPERTY,ALCOHOL_INVOLVED,STWD_VEHTYPE_AT_FAULT,CHP_VEHTYPE_AT_FAULT,COUNT_SEVERE_INJ,COUNT_VISIBLE_INJ,COUNT_COMPLAINT_PAIN,COUNT_PED_KILLED,COUNT_PED_INJURED,COUNT_BICYCLIST_KILLED,COUNT_BICYCLIST_INJURED,COUNT_MC_KILLED,COUNT_MC_INJURED,PRIMARY_RAMP,SECONDARY_RAMP,LATITUDE,LONGITUDE,COUNTY,CITY,POINT_X,POINT_Y
90034463,2015,2015-10-20,9725,2015-10-06,1410,020742,,2,2,9,3500,0,3,5,,2,005,"SPRING GROVE RD","CABALLO CT",200.00,E,N,A,-,N,,,,,,,,,,N,4,0,1,2,A,-,11,21956,A,N,G,B,E,A,H,-,A,D,0,Y,,,,Y,,N,60,0,0,1,0,1,0,0,0,0,"- ","- ",36.914290000000001,-121.35878,"SAN BENITO",UNINCORPORATED,-121.35846811,36.91441064
90034551,2015,2015-10-20,9725,2015-10-09,0640,019887,,5,1,9,3500,0,2,4,,1,052,"FAIRVIEW RD","FAIRVIEW CT",150.00,S,N,A,-,N,,,,,,,,,,N,4,0,1,2,A,-,03,22350,,N,C,C,A,A,H,-,C,D,0,,,,,Y,,A,07,0,0,1,0,0,0,0,0,0,"- ","- ",36.906680000000001,-121.36490999999999,"SAN BENITO",UNINCORPORATED,-121.36499114999999,36.906800910000001
90036000,2015,2015-10-22,9725,2015-09-24,0630,018282,,4,1,9,3500,0,1,3,,1,054,SR-25,SR-156,1056.00,N,N,A,-,Y,,,25,,,,,,,Y,3,0,3,2,A,-,03,22350,,N,C,C,A,A,H,-,A,D,0,,,,,Y,,A,01,0,1,2,0,0,0,0,0,0,"- ","- ",36.898829999999997,-121.43034,"SAN BENITO",UNINCORPORATED,-121.43043924,36.898732170000002
90036913,2015,2015-10-23,9725,2015-10-16,2230,020787,,5,3,9,3500,0,1,3,,1,054,"SR-25 N/B","WRIGHT RD",317.00,S,N,A,-,Y,,,,,,,,,,Y,3,0,1,2,A,-,01,23152,A,N,E,I,A,A,H,-,D,D,0,,,,,Y,Y,D,22,0,1,0,0,0,0,0,0,0,"- ","- ",36.873530000000002,-121.40628,"SAN BENITO",UNINCORPORATED,,
90040923,2015,2015-10-29,9725,2015-10-11,0830,021067,,7,1,9,3500,0,1,3,,1,054,SR-25,SR-156,0.00,,Y,A,-,Y,,,25,,,,,,,Y,4,0,1,4,A,-,12,21453,A,N,D,C,A,A,H,-,A,A,0,,,,,Y,,A,01,0,0,1,0,0,0,0,0,0,"- ","- ",36.896160000000002,-121.42798000000001,"SAN BENITO",UNINCORPORATED,-121.42794064,36.896198060000003
90041598,2015,2015-10-30,9735,2015-10-29,0500,017257,,4,3,9,3500,0,3,5,,2,004,SR-25,"COALINGA RD",12144.00,N,N,A,-,Y,,,25,,,,,,,Y,3,0,2,1,A,-,08,22107,,N,E,I,A,A,H,-,D,A,0,,,,,Y,,A,07,0,1,1,0,0,0,0,0,0,"- ","- ",36.429740000000002,-121.02298,"SAN BENITO",UNINCORPORATED,-121.02299769,36.429721270000002
90044294,2015,2015-11-04,9725,2015-11-03,0720,018282,,2,1,9,3500,0,3,5,,2,007,"HOSPITAL RD","CIENEGA RD",420.00,E,N,A,-,N,,,,,,,,,,Y,3,0,1,1,A,-,08,22107,,N,F,A,A,A,H,-,A,D,0,,,,,Y,,A,01,0,1,0,0,0,0,0,0,0,"- ","- ",36.811390000000003,-121.39649,"SAN BENITO",UNINCORPORATED,-121.39642502,36.810904100000002
90044551,2015,2015-11-04,9725,2015-10-23,0738,019887,,5,1,9,3500,0,3,5,,2,007,"FLINT RD","FREITAS RD",0.00,,Y,A,-,N,,,,,,,,,,Y,3,0,2,2,A,-,12,22450,A,N,D,C,A,A,H,-,A,A,0,,,,,Y,,D,22,0,2,0,0,0,0,0,0,0,"- ","- ",36.848970000000001,-121.47329999999999,"SAN BENITO",UNINCORPORATED,-121.47238987999999,36.848990039999997
90051785,2015,2015-11-16,9725,2015-11-13,1830,020799,,5,2,9,3500,0,1,3,,1,054,"SR-25 S/B","HUDNER LN",2640.00,N,N,A,-,Y,,,25,,,,,,S,Y,4,0,1,2,A,-,03,22350,,N,C,C,A,A,H,-,D,D,0,,,,,Y,,A,01,0,0,1,0,0,0,0,0,0,"- ","- ",36.914230000000003,-121.44562999999999,"SAN BENITO",UNINCORPORATED,-121.44559073000001,36.914270209999998
90054430,2015,2015-11-19,9725,2015-11-04,2338,018473,,3,3,9,3500,0,3,5,,2,007,"UNION RD.","TY DR. (+223 FEET)",2112.00,N,N,A,-,N,,,,,,,,,,Y,4,0,1,1,A,-,08,22107,,N,F,A,A,A,G,-,D,D,0,,,,,Y,,A,01,0,0,1,0,0,0,0,0,0,"- ","- ",36.837670000000003,-121.44978999999999,"SAN BENITO",UNINCORPORATED,-121.44981265,36.837611729999999
90055922,2015,2015-11-20,9725,2015-11-11,0445,020971,,3,3,9,3500,0,1,3,,2,053,SR-156,"MERRILL RD",200.00,E,N,A,-,Y,,,,,,,,,,Y,4,0,1,1,A,-,01,23152,A,N,E,I,A,A,H,-,D,D,0,,,,,Y,Y,A,01,0,0,1,0,0,0,0,0,0,"- ","- ",36.862749999999998,-121.58204000000001,"SAN BENITO",UNINCORPORATED,-121.58198457,36.862719830000003
90058900,2015,2015-11-24,9725,2015-11-06,0645,018473,,5,1,9,3500,0,1,3,,1,054,"SR-25 S/B","FLYNN RD",1056.00,N,N,A,-,Y,,,25,,,,,,S,Y,3,0,1,2,A,-,03,22350,,N,C,C,A,A,H,-,A,D,0,,,,,Y,,A,01,0,1,0,0,0,0,0,0,0,"- ","- ",36.884740000000001,-121.41792,"SAN BENITO",UNINCORPORATED,-121.41787958,36.884776240000001
90064487,2015,2015-12-03,9725,2015-11-24,1550,020742,,2,2,9,3500,0,3,5,,2,001,"SAN FELIPE RD",SR-156,2640.00,N,N,B,-,N,,,,,,,,,,Y,3,0,2,2,A,-,03,22350,,N,C,C,A,A,H,-,A,D,0,,,,,Y,,A,01,0,2,0,0,0,0,0,0,0,"- ","- ",36.916460000000001,-121.4051,"SAN BENITO",UNINCORPORATED,-121.40504503,36.915064540000003
90066540,2015,2015-12-07,9725,2015-11-20,2130,020967,,5,2,9,3500,0,1,3,,1,054,"SR-25 N/B","BRIGGS RD",1056.00,S,N,A,-,Y,,,25,,,,,,N,Y,3,0,6,3,A,-,03,22350,,N,C,C,A,A,H,-,D,D,0,,,,,Y,,A,01,0,4,2,0,0,0,0,0,0,"- ","- ",36.874870000000001,-121.41057000000001,"SAN BENITO",UNINCORPORATED,-121.41061566,36.874842209999997
90067073,2015,2015-12-21,9725,2015-11-27,1715,020967,,5,2,9,3500,0,1,2,,1,056,"US 101 S/B",SR-129,2112.00,N,N,A,-,Y,,,,,,,,,,Y,3,0,2,2,C,-,18,,,N,E,C,A,A,H,-,B,D,0,,,,,Y,,-,"- ",0,2,0,0,0,0,0,0,0,"- ","- ",36.887889999999999,-121.55867000000001,"SAN BENITO",UNINCORPORATED,,
90076293,2015,2015-12-17,9725,2015-11-29,1234,019887,,7,1,9,3500,0,2,4,,1,052,"FAIRVIEW RD","MCCLOSKEY RD",15.00,S,N,A,-,N,,,,,,,,,,Y,4,0,1,2,A,-,09,21801,A,N,A,C,A,A,H,-,A,D,0,,,,,Y,,A,01,0,0,1,0,0,0,0,0,0,"- ","- ",36.868209999999998,-121.36376,"SAN BENITO",UNINCORPORATED,-121.36366988,36.868198800000002
90078078,2015,2015-12-18,9725,2015-12-08,1800,020120,,2,2,9,3500,0,2,4,,1,052,"SHORE RD.","SAN FELIPE RD.",65.00,W,N,A,-,N,,,,,,,,,,N,4,0,1,2,A,-,03,22350,,N,C,C,A,A,H,-,D,D,0,,,,,Y,,A,07,0,0,1,0,0,0,0,0,0,"- ","- ",36.940840000000001,-121.41124000000001,"SAN BENITO",UNINCORPORATED,-121.41118122,36.940740959999999
90083130,2015,2015-12-28,9725,2015-12-18,0820,018282,,5,1,9,3500,0,3,5,,2,007,"CIENEGA RD","GRASS VALLEY RD",10560.00,N,N,A,-,N,,,,,,,,,,Y,3,0,2,1,A,-,08,22107,,N,F,A,A,B,H,-,A,D,0,,,,,Y,,A,07,0,2,0,0,0,0,0,0,0,"- ","- ",36.748899999999999,-121.38391,"SAN BENITO",UNINCORPORATED,-121.38111601999999,36.74734995
90085128,2015,2015-12-30,9725,2015-12-04,1520,021067,,5,2,9,3500,0,3,5,,2,007,"SAN JUSTO RD","PRESCOTT RD",1056.00,E,N,A,-,N,,,,,,,,,,Y,4,0,1,1,A,-,03,22350,,N,F,A,A,A,H,-,A,D,0,,,,,Y,,A,08,0,0,1,0,0,0,0,0,0,"- ","- ",36.86009,-121.53443,"SAN BENITO",UNINCORPORATED,-121.53687295,36.860960239999997
90087921,2015,2016-01-05,9725,2015-12-10,2220,020854,,4,3,9,3500,0,1,3,,1,057,SR-129,"CHITTENDEN PASS",60.00,W,N,B,-,Y,,,129,,,,,,,Y,3,0,1,1,A,-,08,22107,,M,E,I,A,B,H,-,D,D,0,,,,,Y,,A,08,0,1,0,0,0,0,0,0,0,"- ","- ",36.899900000000002,-121.59653,"SAN BENITO",UNINCORPORATED,-121.5965131,36.89993776
90089899,2015,2016-01-07,9725,2015-12-04,1650,021067,,5,2,9,3500,0,1,3,,1,054,SR-25,SR-156,1200.00,N,N,A,-,Y,,,25,,,,,,,Y,4,0,1,2,A,-,03,22350,,N,C,C,A,A,H,-,D,D,0,,,,,Y,,A,01,0,0,1,0,0,0,0,0,0,"- ","- ",36.898389999999999,-121.43007,"SAN BENITO",UNINCORPORATED,-121.43008620000001,36.898374029999999
90093877,2016,2016-01-12,9725,2016-01-01,0455,020742,,5,3,9,3500,0,1,3,,2,053,SR-156,"BIXBY RD",2640.00,W,N,A,-,Y,,,156,,,,,,,Y,4,0,1,1,A,-,01,23152,A,N,E,I,A,A,H,-,D,D,0,,,,,Y,Y,A,01,0,0,1,0,0,0,0,0,0,"- ","- ",36.841320000000003,-121.49905,"SAN BENITO",UNINCORPORATED,-121.49904984,36.841304700000002
90096002,2016,2016-01-15,9725,2016-01-13,0420,021005,,3,3,9,3500,0,1,2,,1,056,"US-101 S/B","CANNON RD",2112.00,S,N,C,-,Y,,,101,,,,,,S,Y,4,0,1,1,A,-,03,22350,,N,E,I,A,B,H,-,D,D,0,,,,,Y,,A,01,0,0,1,0,0,0,0,0,0,"- ","- ",36.861229999999999,-121.61053,"SAN BENITO",UNINCORPORATED,-121.61054720999999,36.861205069999997
90097335,2016,2016-01-19,9725,2016-01-15,1520,020971,,5,2,9,3500,0,1,3,,1,051,SR-25,"CIENEGA RD",25.00,S,N,A,-,Y,,,25,,,,,,,Y,3,0,1,2,A,-,03,22350,,N,D,C,A,A,H,-,A,D,0,,,Y,,Y,,D,22,0,1,0,0,0,0,0,0,1,"- ","- ",36.71264,-121.27706000000001,"SAN BENITO",UNINCORPORATED,-121.27697821,36.712652599999998
90097904,2016,2016-01-19,9725,2016-01-11,1110,014585,,1,1,9,3500,0,3,5,,2,005,"MCCLOSKEY RD","ISABEL LN",3.00,W,N,B,-,N,,,,,,,,,,Y,4,0,1,1,A,-,08,22107,,N,E,I,A,A,H,-,A,D,0,,,,,Y,,D,22,0,0,1,0,0,0,0,0,0,"- ","- ",36.868319999999997,-121.37587000000001,"SAN BENITO",UNINCORPORATED,-121.37581025,36.868380389999999
90100161,2016,2016-01-21,9725,2016-01-12,0740,014585,,2,1,9,3500,0,1,3,,1,057,SR-129,"CHITTENDEN RD. (NORTH, FRONTAGE RD.)",0.00,,Y,A,-,Y,,,129,,,,,,,Y,4,0,1,2,A,-,09,21802,A,N,D,C,A,A,H,-,A,A,0,,,,Y,Y,,A,07,0,0,1,0,0,0,0,0,0,"- ","- ",36.89969,-121.59439999999999,"SAN BENITO",UNINCORPORATED,-121.59441586,36.899782360000003
90103301,2016,2016-01-27,9725,2016-01-19,1605,019305,,2,2,9,3500,0,1,3,,1,054,"SR-25 S/B",SR-156,1584.00,N,N,B,-,Y,,,25,,,,,,S,Y,3,0,2,4,A,-,04,21703,,N,C,C,A,A,H,-,A,D,0,,,,,Y,,A,07,0,1,1,0,0,0,0,0,0,"- ","- ",36.902700000000003,-121.43418,"SAN BENITO",UNINCORPORATED,-121.43424889000001,36.90263324
90103608,2016,2016-01-27,9725,2016-01-21,2030,019305,,4,2,9,3500,0,3,5,,2,005,"PANOCHE RD","COTTONWOOD RD",13200.00,E,N,A,-,N,,,,,,,,,,Y,3,0,1,1,A,-,08,22107,,N,E,I,A,A,H,-,D,D,0,,,,,Y,,A,07,0,1,0,0,0,0,0,0,0,"- ","- ",36.675660000000001,-121.2021,"SAN BENITO",UNINCORPORATED,-121.19763826000001,36.675123689999999
9011080,2019,2020-01-28,3501,2019-11-10,2028,11047,3501,7,5,4,3501,0,0,0,,0,GRA,"UNION RD","VALLEY VIEW RD",0.00,,Y,A,-,N,,,,,,,,,,Y,4,0,1,2,A,-,09,21802,A,N,D,C,A,-,-,-,-,D,0,,,,,Y,,A,01,0,0,1,0,0,0,0,0,0,"- ","- ",,,"SAN BENITO",HOLLISTER,-121.38124084472656,36.827461242675781
90115167,2016,2016-02-15,9725,2016-02-12,1510,021005,,5,2,9,3500,0,1,3,,2,053,SR-156,"UNION RD",2640.00,W,N,A,-,Y,,,156,,,,,,,Y,3,0,1,3,A,-,03,22350,,N,C,C,A,A,H,-,A,D,0,,,,,Y,,A,01,0,1,0,0,0,0,0,0,0,"- ","- ",36.841619999999999,-121.46661,"SAN BENITO",UNINCORPORATED,-121.46661068,36.841686420000002
90115250,2016,2016-02-15,9725,2016-02-14,1555,020276,,7,2,9,3500,0,1,2,,1,056,"US-101 S/B","CANNON RD",300.00,N,N,A,-,Y,,,101,,,,,,S,Y,4,0,1,3,A,-,03,22350,,N,C,C,A,A,H,-,A,D,0,,,,,Y,,A,07,0,0,1,0,0,0,0,0,0,"- ","- ",36.859690000000001,-121.60064,"SAN BENITO",UNINCORPORATED,-121.60065453999999,36.859551070000002
90118174,2016,2016-02-18,9725,2016-02-14,1100,019217,,7,1,9,3500,0,1,3,,2,053,"SR-156 W/B","UNION RD.",1050.00,E,N,A,-,Y,,,156,,,,,,W,N,4,0,1,2,A,-,03,22350,,N,C,C,A,A,H,-,A,D,0,,,,,Y,,A,01,0,0,1,0,0,0,0,0,0,"- ","- ",36.844659999999998,-121.45534000000001,"SAN BENITO",UNINCORPORATED,-121.45533475000001,36.844656669999999
9012705,2019,2020-02-19,3501,2019-11-14,2040,11050,3501,4,5,4,3501,0,0,0,,0,GRA,"4TH ST","COLLEGE ST",0.00,,Y,-,-,N,,,,,,,,,,Y,4,0,2,3,A,-,09,21804,,N,D,A,A,-,-,-,-,D,0,,,,,Y,Y,A,07,0,0,2,0,0,0,0,0,0,"- ","- ",,,"SAN BENITO",HOLLISTER,-121.40933990478516,36.852649688720703
9012707,2019,2020-01-03,3501,2019-11-23,1118,75300,3501,6,5,4,3501,0,0,0,,0,DAY,"SAN BENITO ST","HAYDON ST",0.00,,Y,A,-,N,,,,,,,,,,N,3,0,1,1,A,-,08,22107,,N,H,J,A,A,H,-,A,D,0,,,Y,,Y,,C,02,0,1,0,0,0,0,0,0,1,"- ","- ",,,"SAN BENITO",HOLLISTER,-121.40231323242188,36.844860076904297
9012711,2019,2020-01-02,3501,2019-11-23,1403,11023,3501,6,5,4,3501,0,0,0,,0,DAY,"TRES PINOS RD","RANCHO DR",18.00,W,N,A,-,N,,,,,,,,,,N,4,0,1,2,A,-,09,21802,A,N,D,C,A,A,H,-,A,A,0,,,,,Y,,A,01,0,0,1,0,0,0,0,0,0,"- ","- ",,,"SAN BENITO",HOLLISTER,-121.39694976806641,36.839553833007812
90131688,2016,2016-03-08,9725,2016-03-07,1545,020276,,1,2,9,3500,0,1,3,,2,053,SR-156,"BIXBY RD",2600.00,W,N,B,-,Y,,,156,,,,,,,Y,4,0,1,1,A,-,08,22107,,N,E,I,A,A,H,-,A,D,0,,,,,Y,,A,07,0,0,1,0,0,0,0,0,0,"- ","- ",36.84149,-121.49894,"SAN BENITO",UNINCORPORATED,-121.49893805000001,36.84130588
90139989,2016,2016-03-21,9725,2016-03-11,1525,020754,,5,2,9,3500,0,1,3,,1,051,SR-25,"LIVE OAK RD",3696.00,S,N,B,C,Y,,,25,,,,,,,Y,2,0,1,1,A,-,08,22107,,N,F,A,A,B,H,-,A,D,0,,,,,Y,,D,22,1,0,0,0,0,0,0,0,0,"- ","- ",36.646720000000002,-121.23609999999999,"SAN BENITO",UNINCORPORATED,-121.23622831,36.646639520000001
90140026,2016,2016-03-21,9725,2016-03-06,0725,020101,,7,1,9,3500,0,1,2,,1,056,"US-101 N/B","COLE RD",1584.00,N,N,A,-,Y,,,101,,,,,,N,Y,3,0,3,1,A,-,03,22350,,N,E,I,A,B,H,-,A,D,0,,,,,Y,,A,07,0,1,2,0,0,0,0,0,0,"- ","- ",36.862729999999999,-121.61667,"SAN BENITO",UNINCORPORATED,-121.61667419,36.862763659999999
90142862,2016,2016-03-24,9725,2016-03-11,0530,013521,,5,3,9,3500,0,3,5,,2,007,"LUCY BROWN LANE","SAN JUSTO ROAD",0.00,,Y,C,-,N,,,,,,,,,,Y,4,0,1,1,A,-,03,22350,,N,E,I,A,B,H,-,D,D,0,,,,,Y,,A,01,0,0,1,0,0,0,0,0,0,"- ","- ",36.857199999999999,-121.509,"SAN BENITO",UNINCORPORATED,-121.50893987000001,36.856980100000001
90150850,2016,2016-04-05,9725,2016-04-04,1309,013278,,1,1,9,3500,0,1,3,,1,051,SR-25,"BOLADO RD.",1056.00,S,N,A,-,Y,,,25,,,,,,,Y,4,0,1,2,A,-,03,22350,,N,C,C,A,A,H,-,A,D,0,,,,,Y,,A,01,0,0,1,0,0,0,0,0,0,"- ","- ",36.77375,-121.31032,"SAN BENITO",UNINCORPORATED,-121.30957549999999,36.774116319999997
9015274,2019,2020-02-24,3501,2019-10-06,2001,135,3501,7,5,4,3501,0,0,0,,0,GRA,"MONTEREY ST","RICHARDSON RD",0.00,,Y,A,-,N,,,,,,,,,,Y,4,0,1,1,A,-,03,22350,,N,E,I,A,A,G,-,C,D,0,,,,,Y,Y,A,01,0,0,1,0,0,0,0,0,0,"- ","- ",,,"SAN BENITO",HOLLISTER,-121.40416717529297,36.841861724853516
90156523,2016,2016-04-13,9725,2016-03-28,1100,018458,,1,1,9,3500,0,1,3,,1,051,SR-25,"SR 146",2640.00,N,N,A,-,Y,,,,,,,,,,Y,4,0,1,1,A,-,08,22107,,N,F,A,A,A,H,-,A,D,0,,,Y,,Y,,C,02,0,0,1,0,0,0,0,0,1,"- ","- ",,,"SAN BENITO",UNINCORPORATED,,
90157389,2016,2016-04-14,9725,2016-04-11,0650,019217,,1,1,9,3500,0,3,5,,2,007,"BUSINESS ROUTE 156",SR-156,30.00,E,N,A,-,N,,,,,,,,,,N,4,0,1,2,A,-,03,22350,,F,C,C,A,A,H,-,A,A,0,,,,,Y,,A,08,0,0,1,0,0,0,0,0,0,"- ","- ",36.851280000000003,-121.85128,"SAN BENITO",UNINCORPORATED,,
90160343,2016,2016-04-19,9725,2016-04-18,0855,020101,,1,1,9,3500,0,3,5,,2,009,"ANZAR RD","SCHOOL RD.",260.00,W,N,A,-,N,,,,,,,,,,Y,4,0,1,1,A,-,08,22107,,N,E,I,A,A,H,-,A,D,0,,,,,Y,,A,07,0,0,1,0,0,0,0,0,0,"- ","- ",36.877189999999999,-121.57293,"SAN BENITO",UNINCORPORATED,-121.57305316,36.877132160000002
90163460,2016,2016-04-22,9725,2016-04-17,1315,020787,,7,1,9,3500,0,1,3,,2,053,"BUENA VISTA RD",SR-156,10.00,E,N,A,-,N,,,,,,,,,,N,4,0,1,2,A,-,03,22350,,N,C,C,A,A,H,-,A,A,0,,,,,Y,,A,01,0,0,1,0,0,0,0,0,0,"- ","- ",36.863840000000003,-121.4434,"SAN BENITO",UNINCORPORATED,-121.44398939,36.863737759999999
90163489,2016,2016-04-22,9725,2016-04-19,1810,020854,,2,2,9,3500,0,1,3,,1,054,SR-25,SR-156,2640.00,N,N,A,-,Y,,,25,,,,,,,Y,4,0,1,2,A,-,01,23152,A,N,B,C,A,A,H,-,A,D,0,,,,,Y,Y,D,22,0,0,1,0,0,0,0,0,0,"- ","- ",36.899430000000002,-121.43104,"SAN BENITO",UNINCORPORATED,-121.4310842,36.89938643
90165018,2016,2016-04-25,9725,2016-04-22,1630,020854,,5,2,9,3500,0,1,3,,2,053,"SR-156 W/B","ROCKS ROAD",1320.00,W,N,A,-,Y,,,156,,,,,,W,Y,2,0,1,3,A,-,03,22350,,N,C,C,A,B,H,-,A,D,0,,,,,Y,,A,07,1,0,0,0,0,0,0,0,0,"- ","- ",36.856619999999999,-121.57232,"SAN BENITO",UNINCORPORATED,-121.57230125,36.856642309999998
90172505,2016,2016-05-04,9725,2016-04-30,1905,020854,,6,2,9,3500,0,3,5,,2,005,"LITTLE RIVER DRIVE","COMSTOCK ROAD",0.00,,Y,A,-,N,,,,,,,,,,N,2,0,1,1,A,-,01,23152,A,N,E,I,A,A,H,-,A,A,0,,,Y,,Y,Y,C,02,1,0,0,0,0,0,0,0,1,"- ","- ",36.926380000000002,-121.35332,"SAN BENITO",UNINCORPORATED,-121.35333987999999,36.926420020000002
90179725,2016,2016-05-16,9725,2016-05-12,2140,020781,,4,2,9,3500,0,3,5,,2,007,"BUENA VISTA RD","AGUIRRE DR",180.00,W,N,A,-,N,,,,,,,,,,Y,3,0,1,2,A,-,01,23152,A,N,A,C,A,A,H,-,D,D,0,,,,,Y,Y,A,08,0,1,0,0,0,0,0,0,0,"- ","- ",36.85772,-121.42995000000001,"SAN BENITO",UNINCORPORATED,-121.4294841,36.857741160000003
90181928,2016,2016-05-18,9725,2016-05-05,1655,013521,,4,2,4,3501,0,1,3,,1,054,"SR-25   N/B","SAN FELIPE ROAD",14.00,N,N,B,-,Y,,,25,,,,,,N,Y,3,0,1,2,A,-,08,22107,,N,A,C,A,A,H,-,A,A,0,,,,,Y,,A,01,0,1,0,0,0,0,0,0,0,"- ","- ",36.865299999999998,-121.4019,"SAN BENITO",HOLLISTER,-121.40190293000001,36.865286949999998
90184545,2016,2016-05-23,9725,2016-05-15,0103,020952,,7,3,9,3500,0,3,5,,2,007,"SAN JUSTO RD","SAN JUAN HWY",5280.00,E,N,A,-,N,,,,,,,,,,Y,4,0,1,1,A,-,01,23152,A,N,F,A,A,A,H,-,D,D,0,,,,,Y,Y,A,01,0,0,1,0,0,0,0,0,0,"- ","- ",36.864699999999999,-121.54470000000001,"SAN BENITO",UNINCORPORATED,-121.54423278,36.864234549999999
90187694,2016,2016-05-26,9725,2016-05-24,1540,020101,,2,2,9,3500,0,3,5,,2,009,"ANZAR RD","SCHOOL RD.",300.00,W,N,A,-,N,,,,,,,,,,Y,4,0,1,2,A,-,08,22107,,N,D,C,A,A,H,-,A,D,0,,,,,Y,,A,01,0,0,1,0,0,0,0,0,0,"- ","- ",36.877119999999998,-121.57432,"SAN BENITO",UNINCORPORATED,-121.57318902999999,36.877144799999996
90190566,2016,2016-05-31,9725,2016-05-22,0510,018458,,7,3,9,3500,0,1,3,,2,053,SR-156,"LUCY BROWN LN.",528.00,W,N,A,-,Y,,,,,,,,,,Y,3,0,1,1,A,-,08,22107,,N,E,I,A,A,H,-,A,D,0,,,,,Y,,A,01,0,1,0,0,0,0,0,0,0,"- ","- ",36.838700000000003,-121.50960000000001,"SAN BENITO",UNINCORPORATED,-121.5104943,36.84119347
90190918,2016,2016-05-31,9725,2016-05-30,1630,020276,,1,2,9,3500,0,1,2,,1,056,"US-101 N/B",SR-129,2640.00,N,N,A,-,Y,,,101,,,,,,N,Y,4,0,1,2,A,-,03,22350,,N,C,C,A,A,H,-,A,D,0,,,,,Y,,A,07,0,0,1,0,0,0,0,0,0,"- ","- ",36.90305,-121.5558,"SAN BENITO",UNINCORPORATED,-121.55654908,36.903036149999998
90192983,2016,2016-06-02,9725,2016-05-11,0735,013521,,3,1,9,3500,0,1,3,,1,054,"SR-25  N/B",SR-156,528.00,N,N,B,-,Y,,,,,,,,,,Y,4,0,1,2,A,-,03,22350,,N,C,C,A,A,H,-,A,D,0,,,,,Y,,A,01,0,0,1,0,0,0,0,0,0,"- ","- ",36.89714,-121.48609999999999,"SAN BENITO",UNINCORPORATED,-121.42842082,36.896750830000002
90193143,2016,2016-06-02,9725,2016-05-26,1653,015579,,4,2,9,3500,0,1,3,,1,057,SR-129,"SEARLE ROAD",0.00,,Y,B,-,Y,,,129,,,,,,,N,4,0,1,2,A,-,09,21801,B,N,D,C,A,A,H,-,A,D,0,,,Y,,Y,,C,02,0,0,1,0,0,0,0,0,1,"- ","- ",36.884099999999997,-121.5634,"SAN BENITO",UNINCORPORATED,-121.56329551,36.884159889999999
90194693,2016,2016-06-06,9725,2016-05-21,1917,018458,,6,2,9,3500,0,2,4,,1,052,"FAIRVIEW ROAD","PACHECO ROAD",0.00,,Y,A,-,N,,,,,,,,,,Y,4,0,2,2,A,-,09,21801,A,N,D,C,A,A,H,-,A,D,0,,,,,Y,,A,01,0,0,2,0,0,0,0,0,0,"- ","- ",36.9328,-121.38767,"SAN BENITO",UNINCORPORATED,-121.38853985,36.933190070000002
90194712,2016,2016-06-06,9725,2016-05-20,1615,021005,,5,2,9,3500,0,1,3,,1,057,SR-129,"SCHOOL RD",5808.00,E,N,A,-,Y,,,129,,,,,,,Y,3,0,9,2,A,-,09,21804,A,N,D,C,A,A,H,-,A,D,0,,,,Y,Y,,A,08,0,3,6,0,0,0,0,0,0,"- ","- ",36.892040000000001,-121.57371999999999,"SAN BENITO",UNINCORPORATED,-121.57371740000001,36.892006209999998
9020534,2019,2020-07-13,3501,2019-10-23,0050,10895,3501,3,5,4,3501,0,0,0,,0,GRA,"RT 25","SHORE RD",800.00,N,N,A,-,Y,SBT,5,25,-,-,57.960,H,-,N,Y,4,0,1,2,A,-,00,2800,2,F,C,C,A,A,H,-,D,D,0,,,,,Y,Y,A,01,0,0,1,0,0,0,0,0,0,"- ","- ",,,"SAN BENITO",HOLLISTER,-121.47885894775391,36.932533264160156