CASE_ID,ACCIDENT_YEAR,PROC_DATE,JURIS,COLLISION_DATE,COLLISION_TIME,OFFICER_ID,REPORTING_DISTRICT,DAY_OF_WEEK,CHP_SHIFT,POPULATION,CNTY_CITY_LOC,SPECIAL_COND,BEAT_TYPE,CHP_BEAT_TYPE,CITY_DIVISION_LAPD,CHP_BEAT_CLASS,BEAT_NUMBER,PRIMARY_RD,SECONDARY_RD,DISTANCE,DIRECTION,INTERSECTION,WEATHER_1,WEATHER_2,STATE_HWY_IND,CALTRANS_COUNTY,CALTRANS_DISTRICT,STATE_ROUTE,ROUTE_SUFFIX,POSTMILE_PREFIX,POSTMILE,LOCATION_TYPE,RAMP_INTERSECTION,SIDE_OF_HWY,TOW_AWAY,COLLISION_SEVERITY,NUMBER_KILLED,NUMBER_INJURED,PARTY_COUNT,PRIMARY_COLL_FACTOR,PCF_CODE_OF_VIOL,PCF_VIOL_CATEGORY,PCF_VIOLATION,PCF_VIOL_SUBSECTION,HIT_AND_RUN,TYPE_OF_COLLISION,MVIW,PED_ACTION,ROAD_SURFACE,ROAD_COND_1,ROAD_COND_2,LIGHTING,CONTROL_DEVICE,CHP_ROAD_TYPE,PEDESTRIAN_ACCIDENT,BICYCLE_ACCIDENT,MOTORCYCLE_ACCIDENT,TRUCK_ACCIDENT,NOT_PRIVATE_PROPERTY,ALCOHOL_INVOLVED,STWD_VEHTYPE_AT_FAULT,CHP_VEHTYPE_AT_FAULT,COUNT_SEVERE_INJ,COUNT_VISIBLE_INJ,COUNT_COMPLAINT_PAIN,COUNT_PED_KILLED,COUNT_PED_INJURED,COUNT_BICYCLIST_KILLED,COUNT_BICYCLIST_INJURED,COUNT_MC_KILLED,COUNT_MC_INJURED,PRIMARY_RAMP,SECONDARY_RAMP,LATITUDE,LONGITUDE,COUNTY,CITY,POINT_X,POINT_Y
90757093,2018,2018-06-27,9725,2018-02-25,1700,021811,,7,2,9,3500,0,3,5,,2,005,"MCCLOSKEY RD","SAN FELIPE RD",2904.00,E,N,A,-,N,,,,,,,,,,Y,1,1,2,1,A,-,01,23152,A,N,E,I,A,A,H,-,A,D,0,,,,,Y,Y,D,22,1,1,0,0,0,0,0,0,0,"- ","- ",36.868900299072266,-121.39112854003906,"SAN BENITO",UNINCORPORATED,-121.39117431640625,36.868972778320312
90759453,2018,2018-06-28,9735,2018-06-24,0010,020710,,7,3,9,3500,0,1,3,,2,052,"BITTERWATER RD",SR-25,0.00,,Y,A,-,N,,,,,,,,,,Y,4,0,1,1,A,-,01,23152,A,N,E,I,A,A,H,-,D,D,0,,,,,Y,Y,A,01,0,0,1,0,0,0,0,0,0,"- ","- ",36.380599975585938,-121.00124359130859,"SAN BENITO",UNINCORPORATED,-121.001304,36.380540000000003
90762091,2018,2018-07-03,9725,2018-06-29,2214,022111,,5,3,9,3500,0,1,3,,1,054,"SR-25 S/B","SHORE RD",4752.00,S,N,A,-,Y,,,,,,,,,,Y,3,0,1,2,A,-,03,22350,,N,C,C,A,A,H,-,D,D,0,,,,,Y,,A,01,0,1,0,0,0,0,0,0,0,"- ","- ",36.501800537109375,-121.25129699707031,"SAN BENITO",UNINCORPORATED,-121.46254730224609,36.924842834472656
90762830,2018,2018-07-05,9725,2018-06-24,1815,021785,,7,2,9,3500,0,1,2,,1,056,"US-101 S/B",SR-129,2542.00,S,N,A,-,Y,,,101,,,,,,S,Y,4,0,1,1,A,-,08,22107,,N,F,A,A,A,H,-,A,D,0,,,,,Y,,A,01,0,0,1,0,0,0,0,0,0,"- ","- ",36.877338409423828,-121.56745910644531,"SAN BENITO",UNINCORPORATED,-121.56739807128906,36.877239227294922
90764866,2018,2018-07-09,9725,2018-06-21,1420,021665,,4,2,9,3500,0,1,3,,2,053,SR-156,"BUSINESS ROUTE 156",528.00,E,N,A,-,Y,,,156,,,,,,,Y,3,0,5,4,A,-,03,22350,,N,C,C,A,A,H,-,A,D,0,,,,Y,Y,,G,25,0,4,1,0,0,0,0,0,0,"- ","- ",36.856208801269531,-121.44851684570312,"SAN BENITO",UNINCORPORATED,-121.44867706298828,36.856311798095703
90771398,2018,2018-07-18,9725,2018-07-10,1755,021781,,2,2,9,3500,0,1,2,,1,056,"US-101 SOUTHBOUND",SR-129,2640.00,S,N,A,-,Y,,,101,,,,,,S,Y,4,0,2,2,A,-,03,22350,,N,C,C,A,A,H,-,A,D,0,,,,Y,Y,,A,01,0,0,2,0,0,0,0,0,0,"- ","- ",36.87744140625,-121.567138671875,"SAN BENITO",UNINCORPORATED,-121.56711578369141,36.877403259277344
90773228,2018,2018-07-20,9725,2018-07-11,2110,021612,,3,2,9,3500,0,1,3,,2,053,SR-156,"BUENA VISTA RD",2112.00,W,N,A,-,Y,,,156,,,,,,,Y,2,0,1,1,A,-,08,22107,,N,F,A,A,A,H,-,D,D,0,,,Y,,Y,,C,02,1,0,0,0,0,0,0,0,1,"- ","- ",36.858100891113281,-121.44757080078125,"SAN BENITO",UNINCORPORATED,-121.44756317138672,36.85809326171875
90773675,2018,2018-07-20,9725,2018-07-19,1750,021612,,4,2,9,3500,0,1,3,,1,054,"SR-25 S/B","SHORE RD",5808.00,N,N,A,-,Y,,,25,,,,,,S,Y,3,0,2,3,A,-,03,22350,,N,C,C,A,A,H,-,A,D,0,,,,,Y,,A,01,0,1,1,0,0,0,0,0,0,"- ","- ",36.939838409423828,-121.49433135986328,"SAN BENITO",UNINCORPORATED,-121.49432373046875,36.939861297607422
90776560,2018,2018-07-25,9725,2018-07-19,0955,021304,,4,1,9,3500,0,1,2,,1,056,"US-101 N/B FROM SR-129",SR-129,100.00,S,N,A,-,Y,,,101,,,,R,,N,Y,3,0,1,1,A,-,03,22350,,N,F,A,A,A,H,-,A,D,0,,,,Y,Y,,G,25,0,1,0,0,0,0,0,0,0,"- ","- ",36.881580352783203,-121.56159210205078,"SAN BENITO",UNINCORPORATED,-121.56159210205078,36.881580352783203
90777016,2018,2018-07-26,9725,2018-07-19,0525,021602,,4,3,9,3500,0,3,5,,2,007,SR-129,US-101,200.00,E,N,B,-,Y,,,,,,,,,,Y,4,0,2,2,A,-,09,21804,A,N,D,C,A,A,H,-,A,D,0,,,,,Y,,A,01,0,0,2,0,0,0,0,0,0,"- ","- ",38.882560729980469,-121.5584716796875,"SAN BENITO",UNINCORPORATED,,
90780532,2018,2018-07-30,9725,2018-07-27,1830,021618,,5,2,9,3500,0,2,4,,1,052,"SHORE ROAD","LOVERS LN",686.00,E,N,A,-,N,,,,,,,,,,Y,4,0,2,2,A,-,03,22350,,N,C,C,A,A,H,-,A,D,0,,,,,Y,,A,01,0,0,2,0,0,0,0,0,0,"- ","- ",36.940479278564453,-121.42453002929688,"SAN BENITO",UNINCORPORATED,-121.4246826171875,36.940509796142578
90783116,2018,2018-08-02,9725,2018-06-11,1730,021781,,1,2,9,3500,0,3,5,,2,007,"CIENEGA ROAD","HIDDEN VALLEY ROAD",15312.00,S,N,A,-,N,,,,,,,,,,Y,1,1,0,1,A,-,08,22107,,N,E,I,A,A,H,-,A,D,0,,,,,Y,,D,22,0,0,0,0,0,0,0,0,0,"- ","- ",36.770370483398438,-121.4119873046875,"SAN BENITO",UNINCORPORATED,-121.41227722167969,36.769638061523438
90786617,2018,2018-08-08,9725,2018-08-04,1610,021618,,6,2,9,3500,0,3,5,,2,005,"QUIEN SABE RD",SR-25,528.00,E,N,A,-,N,,,,,,,,,,Y,3,0,2,2,A,-,09,21804,A,N,A,C,A,A,H,-,A,D,0,,,,,Y,,A,07,0,1,1,0,0,0,0,0,0,"- ","- ",36.789649963378906,-121.31419372558594,"SAN BENITO",UNINCORPORATED,-121.31534576416016,36.788700103759766
90787059,2018,2018-08-08,9725,2018-07-31,1228,018473,,2,1,9,3500,0,1,3,,1,051,"SR-25 N/B","BOLADO RD.",0.00,,N,A,-,Y,,,25,,,,,,N,Y,2,0,1,1,A,-,08,22107,,N,E,I,A,A,H,-,A,D,0,,,,,Y,,D,22,1,0,0,0,0,0,0,0,0,"- ","- ",36.759799957275391,-121.29548645019531,"SAN BENITO",UNINCORPORATED,-121.29558563232422,36.759769439697266
90798433,2018,2018-08-27,9725,2018-08-22,1740,021618,,3,2,9,3500,0,1,3,,1,054,"SR-25 S/B","HUDNER LN",7392.00,N,N,A,-,Y,,,25,,,,,,S,Y,4,0,1,2,A,-,03,22350,,N,C,C,A,A,H,-,A,D,0,,,,,Y,,A,01,0,0,1,0,0,0,0,0,0,"- ","- ",36.922428131103516,-121.45745086669922,"SAN BENITO",UNINCORPORATED,-121.45745086669922,36.922431945800781
90798575,2018,2018-08-27,9725,2018-08-17,0655,018473,,5,1,9,3500,0,1,3,,2,053,"SR-156 E/B","LUCY BROWN RD",1200.00,E,N,A,-,N,,,156,,,,,,E,Y,2,0,2,2,A,-,05,21460,A,N,A,C,A,A,H,-,B,D,0,,,,Y,Y,,A,01,1,1,0,0,0,0,0,0,0,"- ","- ",36.841339111328125,-121.49978637695312,"SAN BENITO",UNINCORPORATED,-121.49978637695312,36.841300964355469
90798904,2018,2018-08-27,9725,2018-08-21,1313,019217,,2,1,9,3500,0,2,4,,1,052,"SHORE RD","LAKE RD",1584.00,E,N,A,-,N,,,,,,,,,,Y,3,0,4,2,A,-,05,21650,,N,B,C,A,A,H,-,A,D,0,,,,,Y,,A,01,0,1,3,0,0,0,0,0,0,"- ","- ",36.9422607421875,-121.44036102294922,"SAN BENITO",UNINCORPORATED,-121.44120788574219,36.942356109619141
90806115,2018,2018-09-05,9725,2018-09-02,1515,021285,,7,2,9,3500,0,1,2,,1,056,"US-101 S/B","CANNON ROAD",528.00,N,N,A,-,Y,,,101,,,,,,S,Y,4,0,1,2,A,-,03,22350,,M,C,C,A,A,H,-,A,D,0,,,,,Y,,A,08,0,0,1,0,0,0,0,0,0,"- ","- ",36.859828948974609,-121.60365295410156,"SAN BENITO",UNINCORPORATED,-121.60364532470703,36.859840393066406
90806633,2018,2018-09-06,9725,2018-09-01,1710,021304,,6,2,9,3500,0,1,3,,1,054,SR-25,SR-156,0.00,,Y,A,-,Y,,,25,,,,,,,Y,4,0,1,2,A,-,12,21453,A,N,D,C,A,A,H,-,A,A,0,,,,Y,Y,,G,25,0,0,1,0,0,0,0,0,0,"- ","- ",36.895698547363281,-121.42733764648438,"SAN BENITO",UNINCORPORATED,-121.42739868164062,36.895641326904297
90806978,2018,2018-09-06,9725,2018-09-04,2345,020424,,2,3,9,3500,0,3,5,,2,007,"UNION ROAD","RIVERSIDE RD",349.00,W,N,A,-,N,,,,,,,,,,Y,3,0,1,2,A,-,03,22350,,M,E,I,A,A,H,-,D,D,0,,,,,Y,Y,A,01,0,1,0,0,0,0,0,0,0,"- ","- ",36.827030181884766,-121.42147064208984,"SAN BENITO",UNINCORPORATED,-121.42111968994141,36.827083587646484
90814654,2018,2018-09-17,9725,2018-09-08,0742,018473,,6,1,9,3500,0,1,3,,2,053,"SR-156 W/B","BIXBY RD.",2112.00,E,N,A,-,Y,,,156,,,,,,W,Y,4,0,1,3,A,-,03,22350,,N,C,C,A,A,H,-,A,D,0,,,,Y,Y,,G,25,0,0,1,0,0,0,0,0,0,"- ","- ",36.841590881347656,-121.47792816162109,"SAN BENITO",UNINCORPORATED,-121.47792816162109,36.841560363769531
90815513,2018,2018-09-18,9725,2018-09-16,1940,021618,,7,2,9,3500,0,3,5,,2,007,"SAN JUAN HWY","PRESCOTT RD",3379.00,N,N,A,-,N,,,,,,,,,,Y,2,0,1,1,A,-,01,23152,A,N,E,I,A,A,H,-,D,D,0,,,Y,,Y,Y,C,02,1,0,0,0,0,0,0,0,1,"- ","- ",36.864578247070312,-121.55438995361328,"SAN BENITO",UNINCORPORATED,-121.55429840087891,36.864372253417969
90820104,2018,2018-09-24,9725,2018-09-17,0415,022112,,1,3,9,3500,0,1,3,,1,054,SR-25,"SAN FELIPE RD",1025.00,S,N,A,-,Y,,,25,,,,,,,Y,4,0,1,1,A,-,08,22107,,N,E,I,A,A,H,-,D,D,0,,,Y,,Y,,C,02,0,0,1,0,0,0,0,0,1,"- ","- ",36.864940643310547,-121.3944091796875,"SAN BENITO",UNINCORPORATED,-121.3944091796875,36.864959716796875
90820120,2018,2018-09-24,9725,2018-09-16,2100,021785,,7,2,9,3500,0,1,3,,2,053,SR-156,"LUCY BROWN RD",0.00,,N,A,-,Y,,,156,,,,,,,Y,4,0,2,2,A,-,03,22350,,F,C,C,A,A,H,-,D,D,0,,,,,Y,,A,07,0,0,2,0,0,0,0,0,0,"- ","- ",36.841159820556641,-121.51252746582031,"SAN BENITO",UNINCORPORATED,-121.51252746582031,36.841140747070312
90820135,2018,2018-09-24,9725,2018-09-21,1930,021618,,5,2,9,3500,0,1,3,,2,053,SR-156,"LUCY BROWN RD",0.00,,Y,A,-,Y,,,156,,,,,,,Y,4,0,2,2,A,-,09,21802,A,N,D,C,A,A,H,-,D,D,0,,,,Y,Y,,A,01,0,0,2,0,0,0,0,0,0,"- ","- ",36.841270446777344,-121.50872802734375,"SAN BENITO",UNINCORPORATED,-121.50872802734375,36.841205596923828
90822647,2018,2018-09-27,9725,2018-09-26,1955,021285,,3,2,9,3500,0,3,5,,2,007,"SAN BENITO STREET","PROMISE WAY",200.00,N,N,A,-,N,,,,,,,,,,N,3,0,1,2,A,-,08,22107,,F,C,G,A,A,H,-,D,D,0,,Y,,,Y,,A,07,0,1,0,0,0,0,1,0,0,"- ","- ",36.832321166992188,-121.40165710449219,"SAN BENITO",UNINCORPORATED,-121.40167999267578,36.83233642578125
90826176,2018,2018-10-15,9725,2018-09-30,2300,021811,,7,3,9,3500,0,3,5,,2,005,"QUIEN SABE RD","SANTA ANITA RD",1320.00,N,N,A,-,N,,,,,,,,,,Y,1,1,1,1,A,-,01,23152,A,N,E,I,A,A,A,-,D,D,0,,,,,Y,Y,A,07,0,0,1,0,0,0,0,0,0,"- ","- ",36.799369812011719,-121.26116180419922,"SAN BENITO",UNINCORPORATED,-121.26784515380859,36.798347473144531
90829151,2018,2019-02-21,9725,2018-09-24,0745,022112,,1,1,9,3500,0,3,5,,2,005,"TULE AVE","LILY COURT",55.00,W,N,A,-,N,,,,,,,,,,Y,3,0,1,2,A,-,08,22107,,N,C,E,A,A,H,-,A,D,0,,,,Y,Y,,A,01,0,1,0,0,0,0,0,0,0,"- ","- ",36.838161468505859,-121.35842895507812,"SAN BENITO",UNINCORPORATED,-121.35840606689453,36.838161468505859
90829174,2018,2018-10-04,9725,2018-09-24,1305,022112,,1,1,9,3500,0,3,5,,2,007,"SOUTHSIDE RD","BLOSSOM LN",1200.00,N,N,A,-,N,,,,,,,,,,N,3,0,2,1,A,-,03,22350,,N,F,A,A,A,B,-,A,D,0,,,Y,,Y,,C,02,0,1,1,0,0,0,0,0,2,"- ","- ",38.806369781494141,-121.36736297607422,"SAN BENITO",UNINCORPORATED,-121.38177490234375,36.812480926513672
90829687,2018,2018-10-05,9725,2018-08-19,0115,021602,,7,3,9,3500,0,1,2,,1,056,"US-101 S/B",SR-156,1584.00,S,N,A,-,Y,,,,,,,,,,Y,1,1,3,4,A,-,05,21651,B,N,A,C,A,A,H,-,D,D,0,,,,,Y,,A,01,1,2,0,0,0,0,0,0,0,"- ","- ",36.862739562988281,-121.65505981445312,"SAN BENITO",UNINCORPORATED,-121.58517456054688,36.86151123046875
90831682,2018,2019-01-15,9725,2018-10-02,0935,018473,,2,1,9,3500,0,1,3,,1,054,"SR-25 N/B","HUDNER LN",4224.00,N,N,B,-,Y,,,25,,,,,,N,Y,4,0,1,2,A,-,03,22350,,N,C,C,A,A,H,-,A,D,0,,,,,Y,,D,22,0,0,1,0,0,0,0,0,0,"- ","- ",36.917430877685547,-121.44857788085938,"SAN BENITO",UNINCORPORATED,-121.44863891601562,36.917373657226562
90837436,2018,2018-10-16,9725,2018-10-04,1955,022112,,4,2,9,3500,0,3,5,,2,007,"BUENA VISTA RD",SR-156,140.00,S,N,A,-,N,,,,,,,,,,N,3,0,1,2,A,-,03,22350,,M,C,C,A,A,H,-,B,D,0,,,,,Y,,A,01,0,1,0,0,0,0,0,0,0,"- ","- ",36.862529754638672,-121.44127655029297,"SAN BENITO",UNINCORPORATED,-121.44358825683594,36.863578796386719
90841511,2018,2018-10-22,9725,2018-10-18,0720,014585,,4,1,9,3500,0,1,3,,1,054,"SR -25 N/B","HUDNER LN",2112.00,N,N,E,-,Y,,,25,,,,,,N,Y,4,0,2,2,A,-,03,22350,,N,C,C,A,A,H,-,A,D,0,,,,,Y,,A,01,0,0,2,0,0,0,0,0,0,"- ","- ",36.915321350097656,-121.44647216796875,"SAN BENITO",UNINCORPORATED,-121.44654846191406,36.915248870849609
90841533,2018,2018-10-22,9725,2018-10-17,1730,022111,,3,2,9,3500,0,1,3,,1,054,"SR-25 N/B","BOLSA RD",4224.00,S,N,A,-,Y,,,,,,,,,,Y,4,0,1,2,A,-,03,22350,,N,C,C,A,A,H,-,A,D,0,,,,,Y,,A,01,0,0,1,0,0,0,0,0,0,"- ","- ",36.564899444580078,-121.30329895019531,"SAN BENITO",UNINCORPORATED,-121.40155792236328,36.863578796386719
90842727,2018,2018-10-23,9725,2018-10-22,0740,014585,,1,1,9,3500,0,1,3,,1,054,"SR-25 N/B","SHORE RD",10560.00,N,N,B,-,Y,,,25,,,,,,N,Y,4,0,1,2,A,-,04,21703,,N,C,C,A,A,H,-,A,D,0,,,,,Y,,A,01,0,0,1,0,0,0,0,0,0,"- ","- ",36.942779541015625,-121.50032043457031,"SAN BENITO",UNINCORPORATED,-121.50035858154297,36.942695617675781
90842751,2018,2018-10-23,9725,2018-10-21,1645,022111,,7,2,9,3500,0,1,3,,2,053,"SR-156 E/B","US-101 N/B TO SR-156",0.00,,Y,A,-,Y,,,,,,,,,,Y,4,0,1,2,A,-,09,21802,A,N,D,C,A,A,H,-,A,A,0,,,,,Y,,A,01,0,0,1,0,0,0,0,0,0,"- ","- ",36.513999938964844,-121.34420013427734,"SAN BENITO",UNINCORPORATED,,
90842897,2018,2018-10-23,9725,2018-10-19,0625,019215,,5,1,9,3500,0,1,2,,1,056,"US-101 S/B","ROCKS ROAD",650.00,N,N,A,-,Y,,,101,,,,,,S,Y,4,0,2,2,A,-,08,22107,,N,B,C,A,A,H,-,C,D,0,,,,Y,Y,,A,01,0,0,2,0,0,0,0,0,0,"- ","- ",36.859771728515625,-121.60236358642578,"SAN BENITO",UNINCORPORATED,-121.60236358642578,36.859718322753906
90844656,2018,2018-10-25,9725,2018-10-15,0645,019217,,1,1,9,3500,0,1,3,,2,053,SR-156,"BUSINESS ROUTE 156",500.00,W,N,A,-,Y,,,156,,,,,,,Y,4,0,5,3,A,-,03,22350,,N,C,C,A,A,H,-,B,A,0,,,,,Y,,D,22,0,0,5,0,0,0,0,0,0,"- ","- ",36.851169586181641,-121.45156097412109,"SAN BENITO",UNINCORPORATED,-121.45165252685547,36.851211547851562
90847254,2018,2018-11-07,9725,2018-10-20,2330,021660,,6,3,1,3502,0,3,5,,2,005,"AQUISTAPACE RD","FAIRVIEW RD",2640.00,W,N,A,-,N,,,,,,,,,,N,2,0,1,1,A,-,01,23152,A,N,F,A,A,A,H,-,D,D,0,,,Y,,Y,Y,C,06,1,0,0,0,0,0,0,0,1,"- ","- ",36.917598724365234,-121.38040161132812,"SAN BENITO","SAN JUAN BAUTISTA",-121.38018798828125,36.917621612548828
90854862,2018,2018-11-07,9725,2018-11-05,1542,015579,,1,2,9,3500,0,1,2,,1,056,"US-101 N/B TO SR-129",SR-129,35.00,S,N,A,-,Y,,,101,,,,R,,N,Y,4,0,1,2,A,-,03,22350,,N,C,C,A,A,H,-,A,A,0,,,,,Y,,A,01,0,0,1,0,0,0,0,0,0,"- ","- ",36.882110595703125,-121.55991363525391,"SAN BENITO",UNINCORPORATED,-121.55991363525391,36.882110595703125
90859762,2018,2018-11-14,9725,2018-11-06,2125,021618,,2,2,9,3500,0,1,3,,1,057,SR-129,"SCHOOL RD",528.00,E,N,A,-,Y,,,129,,,,,,,Y,4,0,1,1,C,-,18,,,N,H,H,A,A,H,-,D,D,0,,,,,Y,,-,"- ",0,0,1,0,0,0,0,0,0,"- ","- ",36.899578094482422,-121.58638763427734,"SAN BENITO",UNINCORPORATED,-121.58634948730469,36.899673461914062
90863631,2018,2018-11-20,9725,2018-11-16,1540,021612,,5,2,9,3500,0,1,3,,2,053,SR-156,"BUENA VISTA AVE",0.00,,Y,A,-,Y,,,156,,,,,,,Y,2,0,2,2,A,-,09,21801,A,N,D,C,A,A,H,-,A,D,0,,,,,Y,,A,07,1,0,1,0,0,0,0,0,0,"- ","- ",36.863620758056641,-121.44418334960938,"SAN BENITO",UNINCORPORATED,-121.44413757324219,36.863597869873047
90874597,2018,2018-12-04,9725,2018-11-24,0450,021067,,6,3,9,3500,0,3,5,,2,005,"FRAZER LAKE RD","BLOOMFIELD AVE",7920.00,S,N,A,-,N,,,,,,,,,,Y,3,0,1,2,A,-,09,21804,A,F,B,C,A,B,H,-,D,D,0,,,,,Y,,M,46,0,1,0,0,0,0,0,0,0,"- ","- ",36.963531494140625,-121.49199676513672,"SAN BENITO",UNINCORPORATED,-121.49205017089844,36.963493347167969
90877780,2018,2018-12-07,9725,2018-11-29,1545,020120,,4,2,9,3500,0,1,3,,1,054,"SR-25 N/B","BOLSA RD.",4224.00,S,N,B,C,Y,,,25,,,,,,N,Y,4,0,1,2,A,-,03,22350,,N,C,C,A,B,H,-,A,D,0,,,,,Y,,A,01,0,0,1,0,0,0,0,0,0,"- ","- ",36.94696044921875,-121.50923156738281,"SAN BENITO",UNINCORPORATED,-121.50925445556641,36.946910858154297
90879873,2018,2018-12-11,9725,2018-12-02,0945,019217,,7,1,4,3501,0,1,3,,1,054,SR-25,"SAN FELIPE RD",30.00,S,N,A,-,Y,,,25,,,,,,,N,4,0,1,2,A,-,03,22350,,N,C,C,A,A,H,-,A,A,0,,,,,Y,,D,22,0,0,1,0,0,0,0,0,0,"- ","- ",36.865169525146484,-121.40099334716797,"SAN BENITO",HOLLISTER,-121.40099334716797,36.865104675292969
90880069,2018,2018-12-11,9725,2018-12-03,0815,019331,,1,1,9,3500,0,1,3,,1,054,"SR-25 N/B","HUDNER LN",1320.00,N,N,A,-,Y,,,25,,,,,,N,Y,4,0,1,2,A,-,03,22350,,N,C,C,A,A,H,-,A,D,0,,,,,Y,,D,22,0,0,1,0,0,0,0,0,0,"- ","- ",36.914268493652344,-121.44538116455078,"SAN BENITO",UNINCORPORATED,-121.44548034667969,36.914165496826172
90884295,2018,2018-12-17,9725,2018-12-13,0720,018473,,4,1,9,3500,0,3,5,,2,005,"FRAZER LAKE RD.","SHORE RD.",4224.00,N,N,A,-,N,,,,,,,,,,Y,4,0,1,2,A,-,04,21703,,N,C,C,A,A,H,-,A,D,0,,,,,Y,,A,01,0,0,1,0,0,0,0,0,0,"- ","- ",36.946640014648438,-121.46652221679688,"SAN BENITO",UNINCORPORATED,-121.46675872802734,36.946804046630859
90896825,2018,2019-01-03,9725,2018-12-29,1740,021665,,6,2,9,3500,0,1,3,,2,055,SR-156,"FAIRVIEW RD",150.00,W,N,A,-,Y,,,156,,,,,,,Y,3,0,1,2,A,-,03,22350,,N,C,C,A,A,H,-,D,D,0,,,,,Y,,D,22,0,1,0,0,0,0,0,0,0,"- ","- ",36.933681488037109,-121.38832092285156,"SAN BENITO",UNINCORPORATED,-121.38803100585938,36.93359375
90897215,2018,2019-01-03,9725,2018-12-18,1300,014585,,2,1,9,3500,0,3,5,,2,007,"SOUTHSIDE RD.","BLOSSOM LN.",2640.00,S,N,A,-,N,,,,,,,,,,Y,4,0,1,1,A,-,03,22350,,N,E,C,A,A,H,-,A,D,0,,,,,Y,,A,01,0,0,1,0,0,0,0,0,0,"- ","- ",36.808078765869141,-121.36878967285156,"SAN BENITO",UNINCORPORATED,-121.37028503417969,36.808868408203125
90898716,2018,2019-01-07,9725,2018-12-30,1330,018473,,7,1,9,3500,0,3,5,,2,005,"SANTA ANITA RD.","LOCK ORANGE GOLE",3168.00,S,N,A,-,N,,,,,,,,,,Y,3,0,2,1,A,-,08,22107,,N,F,A,A,A,H,-,A,D,0,,,,,Y,,A,07,0,1,1,0,0,0,0,0,0,"- ","- ",36.772380828857422,-121.22509002685547,"SAN BENITO",UNINCORPORATED,-121.22508239746094,36.772418975830078
90901832,2019,2019-01-10,9725,2019-01-09,0855,014585,,3,1,9,3500,0,1,3,,2,053,SR-156,SR-25,80.00,W,N,B,-,Y,,,156,,,,,,,Y,4,0,1,2,A,-,03,22350,,N,C,C,A,A,H,-,A,D,0,,,,Y,Y,,G,25,0,0,1,0,0,0,0,0,0,"- ","- ",36.896518707275391,-121.42701721191406,"SAN BENITO",UNINCORPORATED,-121.42715454101562,36.896553039550781
90903347,2019,2019-01-14,9725,2019-01-06,2115,021781,,7,2,9,3500,0,1,2,,1,056,"US-101 SOUTHBOUND","CANNON ROAD",528.00,S,N,A,-,Y,,,101,,,,,,S,Y,4,0,1,1,A,-,03,22350,,N,E,I,A,B,H,-,D,D,0,,,,,Y,,A,01,0,0,1,0,0,0,0,0,0,"- ","- ",36.860958099365234,-121.6102294921875,"SAN BENITO",UNINCORPORATED,-121.61021423339844,36.860980987548828
90904040,2019,2019-01-14,9725,2019-01-10,1115,014585,,4,1,9,3500,0,1,3,,1,051,SR-25,"PANOCHE RD.",271.00,S,N,A,-,Y,,,25,,,,,,,Y,4,0,1,2,A,-,09,21801,A,N,D,C,A,A,H,-,A,D,0,,,,,Y,,D,22,0,0,1,0,0,0,0,0,0,"- ","- ",36.727291107177734,-121.27906036376953,"SAN BENITO",UNINCORPORATED,-121.27909088134766,36.727294921875
90904265,2019,2019-01-15,9725,2019-01-04,1255,019215,,5,1,9,3500,0,1,3,,2,053,"BUSINESS ROUTE 156 (BR-156) E/B",SR-156,1350.00,E,N,A,-,Y,,,,,,,,,,Y,4,0,1,2,A,-,08,22107,,N,D,C,A,A,H,-,A,D,0,,,,,Y,,D,22,0,0,1,0,0,0,0,0,0,"- ","- ",36.852378845214844,-121.44764709472656,"SAN BENITO",UNINCORPORATED,,
90910346,2019,2019-01-24,9725,2019-01-19,1817,021811,,6,2,9,3500,0,3,5,,2,005,"HILLCREST RD","EL TORO DR",0.00,,Y,B,-,N,,,,,,,,,,Y,3,0,1,2,A,-,01,23152,A,F,C,C,A,A,H,-,D,A,0,,,,,Y,Y,D,22,0,1,0,0,0,0,0,0,0,"- ","- ",36.847328186035156,-121.38036346435547,"SAN BENITO",UNINCORPORATED,-121.38034820556641,36.84735107421875
90910364,2019,2019-01-24,9725,2019-01-16,1640,021612,,3,2,9,3500,0,1,3,,2,053,"SR-156 E/B","ROCKS RD",2640.00,E,N,C,-,Y,,,156,,,,,,E,Y,4,0,1,1,A,-,03,22350,,N,E,I,A,B,H,-,B,D,0,,,,,Y,,A,01,0,0,1,0,0,0,0,0,0,"- ","- ",36.848728179931641,-121.55918121337891,"SAN BENITO",UNINCORPORATED,-121.55917358398438,36.848747253417969