CASE_ID,ACCIDENT_YEAR,PROC_DATE,JURIS,COLLISION_DATE,COLLISION_TIME,OFFICER_ID,REPORTING_DISTRICT,DAY_OF_WEEK,CHP_SHIFT,POPULATION,CNTY_CITY_LOC,SPECIAL_COND,BEAT_TYPE,CHP_BEAT_TYPE,CITY_DIVISION_LAPD,CHP_BEAT_CLASS,BEAT_NUMBER,PRIMARY_RD,SECONDARY_RD,DISTANCE,DIRECTION,INTERSECTION,WEATHER_1,WEATHER_2,STATE_HWY_IND,CALTRANS_COUNTY,CALTRANS_DISTRICT,STATE_ROUTE,ROUTE_SUFFIX,POSTMILE_PREFIX,POSTMILE,LOCATION_TYPE,RAMP_INTERSECTION,SIDE_OF_HWY,TOW_AWAY,COLLISION_SEVERITY,NUMBER_KILLED,NUMBER_INJURED,PARTY_COUNT,PRIMARY_COLL_FACTOR,PCF_CODE_OF_VIOL,PCF_VIOL_CATEGORY,PCF_VIOLATION,PCF_VIOL_SUBSECTION,HIT_AND_RUN,TYPE_OF_COLLISION,MVIW,PED_ACTION,ROAD_SURFACE,ROAD_COND_1,ROAD_COND_2,LIGHTING,CONTROL_DEVICE,CHP_ROAD_TYPE,PEDESTRIAN_ACCIDENT,BICYCLE_ACCIDENT,MOTORCYCLE_ACCIDENT,TRUCK_ACCIDENT,NOT_PRIVATE_PROPERTY,ALCOHOL_INVOLVED,STWD_VEHTYPE_AT_FAULT,CHP_VEHTYPE_AT_FAULT,COUNT_SEVERE_INJ,COUNT_VISIBLE_INJ,COUNT_COMPLAINT_PAIN,COUNT_PED_KILLED,COUNT_PED_INJURED,COUNT_BICYCLIST_KILLED,COUNT_BICYCLIST_INJURED,COUNT_MC_KILLED,COUNT_MC_INJURED,PRIMARY_RAMP,SECONDARY_RAMP,LATITUDE,LONGITUDE,COUNTY,CITY,POINT_X,POINT_Y
9767707,2024,2024-12-20,3501,2024-10-03,"715 ",11013,3501,4,5,4,3501,0,0,0,,0,DAY,"SAN BENITO ST","NASH RD",0.00,,Y,A,-,N,,,,,,,,,,N,4,0,1,2,A,-,10,21950,A,M,G,B,B,A,H,-,B,A,0,Y,,,,Y,Y,A,07,0,0,1,0,1,0,0,0,0,"- ","- ",,,"SAN BENITO",HOLLISTER,-121.40248107910156,36.839790344238281
9767708,2024,2024-12-30,3501,2024-10-03,2133,11213,3501,4,5,4,3501,0,0,0,,0,GRA,"4TH ST","RAJKOVICH WY",0.00,,Y,A,-,N,,,,,,,,,,Y,4,0,1,3,A,-,01,23152,A,N,A,C,A,A,H,-,C,D,0,,,Y,,Y,Y,A,01,0,0,1,0,0,0,0,0,0,"- ","- ",,,"SAN BENITO",HOLLISTER,,
9769464,2024,2024-12-26,3501,2024-10-15,1552,11060,3501,2,5,4,3501,0,0,0,,0,DAY,"RT 25","HILLCREST RD",0.00,,N,A,-,Y,SBT,5,25,-,R,50.540,H,-,N,Y,4,0,1,2,A,-,08,22107,,N,C,C,A,A,H,-,A,A,0,,,,,Y,,A,07,0,0,1,0,0,0,0,0,0,"- ","- ",,,"SAN BENITO",HOLLISTER,-121.39017486572266,36.848052978515625
9799552,2024,2025-04-10,3501,2024-11-07,1132,01493,3501,4,5,4,3501,0,0,0,,0,DAY,"SAN FELIPE RD","MCCLOSKEY RD",0.00,,Y,A,-,N,,,,,,,,,,Y,4,0,2,2,A,-,12,21453,A,N,D,D,A,A,H,-,A,A,0,,,,,Y,,A,07,0,0,2,0,0,0,0,0,0,"- ","- ",,,"SAN BENITO",HOLLISTER,-121.40109252929688,36.869373321533203
9799579,2025,2025-04-02,3501,2025-01-20,1034,10925,3501,1,5,4,3501,0,0,0,,0,DAY,"NASH RD","LINE ST",122.00,E,N,A,-,N,,,,,,,,,,N,4,0,1,2,A,-,08,22103,,N,A,C,A,A,H,-,A,D,0,,,,,Y,,A,01,0,0,1,0,0,0,0,0,0,"- ","- ",,,"SAN BENITO",HOLLISTER,-121.41262054443359,36.840221405029297
9799580,2025,2025-04-02,3501,2025-01-14,1452,11060,3501,2,5,4,3501,0,0,0,,0,DAY,"MEMORIAL DR","HILLCREST RD",0.00,,N,A,-,N,,,,,,,,,,N,4,0,3,2,A,-,09,21800,A,N,D,C,A,A,H,-,A,A,0,,,,,Y,,A,07,0,0,3,0,0,0,0,0,0,"- ","- ",,,"SAN BENITO",HOLLISTER,-121.38375854492188,36.847492218017578
9799583,2025,2025-04-02,3501,2025-01-07,1154,01493,3501,2,5,4,3501,0,0,0,,0,DAY,"SAN FELIPE RD","FALLON RD",40.00,S,N,A,-,N,,,,,,,,,,N,4,0,1,2,A,-,03,22350,,N,C,C,A,A,H,-,A,A,0,,,,,Y,,A,07,0,0,1,0,0,0,0,0,0,"- ","- ",,,"SAN BENITO",HOLLISTER,-121.40023803710938,36.88555908203125
9799584,2025,2025-05-01,3501,2025-01-06,1716,11226,3501,1,5,4,3501,0,0,0,,0,SWI,"AIRLINE HWY","SANTA ANA RD",0.00,,Y,A,-,Y,SBT,5,25,-,R,51.104,I,5,N,Y,4,0,1,2,A,-,12,21453,A,N,A,C,A,A,H,-,B,A,0,,,,,Y,,A,01,0,0,1,0,0,0,0,0,0,"- ","- ",,,"SAN BENITO",HOLLISTER,-121.39073944091797,36.856204986572266
9799596,2025,2025-04-03,3501,2025-02-21,"143 ",11162,3501,5,5,4,3501,0,0,0,,0,GRA,"SUNNYSLOPE RD","HIGHLAND DR",320.00,W,N,A,-,N,,,,,,,,,,Y,3,0,1,1,A,-,01,23152,A,N,H,A,A,A,H,-,C,D,0,,,Y,,Y,Y,C,02,0,1,0,0,0,0,0,0,1,"- ","- ",,,"SAN BENITO",HOLLISTER,-121.37488555908203,36.838657379150391
9799597,2025,2025-04-03,3501,2025-02-25,"651 ",01493,3501,2,5,4,3501,0,0,0,,0,DAY,"SAN BENITO ST","NORTH ST",0.00,,Y,A,-,N,,,,,,,,,,Y,3,0,2,2,A,-,12,21453,A,N,D,D,A,A,H,-,A,A,0,,,,,Y,,A,08,0,1,1,0,0,0,0,0,0,"- ","- ",,,"SAN BENITO",HOLLISTER,-121.40191650390625,36.856674194335938
9800141,2024,2025-04-08,3501,2024-12-24,1724,11225,3501,2,5,4,3501,0,0,0,,0,GRA,"NASH RD","CIENEGA RD",25.00,W,N,A,-,N,,,,,,,,,,Y,4,0,1,2,A,-,09,21802,A,N,B,C,A,A,H,-,C,A,0,,,,,Y,,A,01,0,0,1,0,0,0,0,0,0,"- ","- ",,,"SAN BENITO",HOLLISTER,-121.40069580078125,36.839706420898438
9800143,2024,2025-04-08,3501,2024-12-10,"439 ",11225,3501,2,5,4,3501,0,0,0,,0,GRA,"FLYNN ROAD","AEROSTAR DR",664.00,W,N,A,-,N,,,,,,,,,,Y,4,0,1,2,A,-,08,22105,,N,B,C,A,A,H,-,C,D,0,,,,,Y,,A,01,0,0,1,0,0,0,0,0,0,"- ","- ",,,"SAN BENITO",HOLLISTER,-121.41101837158203,36.881965637207031
9800144,2024,2025-04-11,3501,2024-12-04,1514,11060,3501,3,5,4,3501,0,0,0,,0,DAY,"NASH RD","RIVER PKWY",5.00,E,N,A,-,N,,,,,,,,,,N,4,0,1,2,A,-,08,22107,,N,G,B,B,A,H,-,A,A,0,Y,,,,Y,,A,07,0,0,1,0,1,0,0,0,0,"- ","- ",,,"SAN BENITO",HOLLISTER,-121.40974426269531,36.840068817138672
9800146,2024,2025-04-11,3501,2024-12-20,1045,11140,3501,5,5,4,3501,0,0,0,,0,DAY,"LADD LN","HILLOCK DR",0.00,,Y,A,-,N,,,,,,,,,,N,2,0,1,2,A,-,12,22450,A,N,H,G,A,A,G,-,A,A,0,,Y,,,Y,,L,04,1,0,0,0,0,0,1,0,0,"- ","- ",,,"SAN BENITO",HOLLISTER,-121.39280700683594,36.837001800537109
9802545,2024,2025-04-30,3501,2024-11-26,1758,11104,3501,2,5,4,3501,0,0,0,,0,SWI,"SAN BENITO ST","SANTA ANA RD",9.00,S,N,B,-,N,,,,,,,,,,N,4,0,1,2,A,-,10,21950,C,N,G,B,B,A,H,-,C,A,0,Y,,,,Y,,A,01,0,0,1,0,1,0,0,0,0,"- ","- ",,,"SAN BENITO",HOLLISTER,-121.40191650390625,36.856643676757812
9802546,2024,2025-04-30,3501,2024-11-07,1258,01493,3501,4,5,4,3501,0,0,0,,0,DAY,"SAN BENITO ST","HAYDON ST",0.00,,Y,A,-,N,,,,,,,,,,Y,3,0,1,2,A,-,09,21802,A,N,D,D,A,A,H,-,A,A,0,,,,,Y,,A,07,0,1,0,0,0,0,0,0,0,"- ","- ",,,"SAN BENITO",HOLLISTER,-121.40231323242188,36.844856262207031
9802547,2024,2025-04-30,3501,2024-11-04,1911,11106,3501,1,5,4,3501,0,0,0,,0,SWI,"SAN FELIPE RD","MCCLOSKEY RD",0.00,,Y,A,-,N,,,,,,,,,,Y,4,0,3,2,A,-,08,22107,,N,C,C,A,A,H,-,C,A,0,,,,,Y,,A,08,0,0,3,0,0,0,0,0,0,"- ","- ",,,"SAN BENITO",HOLLISTER,-121.40109252929688,36.869373321533203
9819115,2025,2025-10-10,3501,2025-03-07,"439 ",11211,3501,5,5,4,3501,0,0,0,,0,GRA,"AIRLINE HWY","PARK ST",0.00,,Y,A,-,Y,SBT,5,25,-,R,50.208,I,5,S,Y,4,0,1,2,D,-,00,,,N,D,C,A,A,H,-,C,A,0,,,,,Y,,-,"- ",0,0,1,0,0,0,0,0,0,"- ","- ",,,"SAN BENITO",HOLLISTER,-121.39063262939453,36.843307495117188
9819118,2025,2025-09-25,3501,2025-03-29,1910,11225,3501,6,5,4,3501,0,0,0,,0,GRA,"WEST ST","A ST",82.00,S,N,A,-,N,,,,,,,,,,N,3,0,1,2,A,-,03,22350,,N,G,B,D,A,H,-,B,D,0,Y,,,,Y,,A,01,0,1,0,0,1,0,0,0,0,"- ","- ",,,"SAN BENITO",HOLLISTER,-121.40589141845703,36.843986511230469
9819119,2025,2025-09-29,3501,2025-03-07,"828 ",01493,3501,5,5,4,3501,0,0,0,,0,DAY,"POWELL ST","SOUTH ST",127.00,S,N,A,-,N,,,,,,,,,,N,4,0,1,2,A,-,09,21804,A,N,C,C,A,A,H,-,A,D,0,,,,,Y,,A,07,0,0,1,0,0,0,0,0,0,"- ","- ",,,"SAN BENITO",HOLLISTER,-121.40775299072266,36.848091125488281
9819120,2025,2025-09-29,3501,2025-03-16,1439,10925,3501,7,5,4,3501,0,0,0,,0,DAY,"SAN FELIPE RD","BUENA VISTA RD",0.00,,Y,A,-,N,,,,,,,,,,Y,4,0,1,2,A,-,12,21453,A,N,D,C,A,A,H,-,A,A,0,,,,,Y,,A,01,0,0,1,0,0,0,0,0,0,"- ","- ",,,"SAN BENITO",HOLLISTER,,
9825605,2025,2025-09-23,3501,2025-07-01,1104,01493,3501,2,5,4,3501,0,0,0,,0,DAY,"TRES PINOS RD","LADD LN",0.00,,Y,A,-,N,,,,,,,,,,N,2,0,1,2,A,-,10,21950,A,N,G,B,B,A,H,-,A,A,0,Y,,,,Y,,D,22,1,0,0,0,1,0,0,0,0,"- ","- ",,,"SAN BENITO",HOLLISTER,-121.39273071289062,36.839359283447266
9825607,2025,2025-09-30,3501,2025-07-02,1847,11047,3501,3,5,4,3501,0,0,0,,0,GRA,"EL TORO DR","HILLCREST RD",0.00,,Y,A,-,N,,,,,,,,,,Y,4,0,1,2,A,-,12,22450,A,N,D,C,A,A,H,-,A,D,0,,,,,Y,,D,22,0,0,1,0,0,0,0,0,0,"- ","- ",,,"SAN BENITO",HOLLISTER,-121.37969207763672,36.848899841308594
9825611,2025,2025-09-16,3501,2025-05-12,1340,11060,3501,1,5,4,3501,0,0,0,,0,DAY,"4TH ST","WESTSIDE BL",0.00,,Y,A,-,N,,,,,,,,,,N,4,0,1,2,A,-,03,22350,,N,C,C,A,A,H,-,A,A,0,,,,,Y,,D,22,0,0,1,0,0,0,0,0,0,"- ","- ",,,"SAN BENITO",HOLLISTER,-121.41397094726562,36.852832794189453
9825613,2025,2025-09-16,3501,2025-04-28,"712 ",11237,3501,1,5,4,3501,0,0,0,,0,DAY,"MEMORIAL DR","PEACH CT",0.00,,Y,B,-,N,,,,,,,,,,Y,4,0,2,2,A,-,09,21801,A,N,B,C,A,A,H,-,A,D,0,,,,,Y,,D,22,0,0,2,0,0,0,0,0,0,"- ","- ",,,"SAN BENITO",HOLLISTER,-121.38372039794922,36.849655151367188
9825883,2025,2025-09-09,3501,2025-04-09,"540 ",11099,3501,3,5,4,3501,0,0,0,,0,GRA,"SANTA ANA RD","LA BAIG DR",0.00,,Y,A,-,N,,,,,,,,,,Y,3,0,1,2,A,-,09,21802,A,N,D,C,A,A,H,-,C,D,0,,,,,Y,,A,07,0,1,0,0,0,0,0,0,0,"- ","- ",,,"SAN BENITO",HOLLISTER,-121.38867950439453,36.856117248535156
9825885,2025,2025-09-26,3501,2025-04-30,2023,11211,3501,3,5,4,3501,0,0,0,,0,GRA,"SUNSET DR","AIRLINE HWY",62.00,W,N,A,-,Y,SBT,5,25,-,-,49.644,I,5,S,Y,4,0,2,2,A,-,09,21801,A,N,A,C,A,A,H,-,C,A,0,,,,,Y,,A,01,0,0,2,0,0,0,0,0,0,"- ","- ",,,"SAN BENITO",HOLLISTER,-121.38807678222656,36.834953308105469
9825891,2025,2025-09-09,3501,2025-04-08,"839 ",01493,3501,2,5,4,3501,0,0,0,,0,DAY,"WESTSIDE BL","APRICOT LN",93.00,N,N,B,-,N,,,,,,,,,,N,3,0,1,1,B,-,22,,,N,E,I,A,A,H,-,A,D,0,,Y,,,Y,,L,04,0,1,0,0,0,0,1,0,0,"- ","- ",,,"SAN BENITO",HOLLISTER,-121.41457366943359,36.844684600830078
9825892,2025,2025-09-09,3501,2025-04-26,"30  ",11211,3501,6,5,4,3501,0,0,0,,0,GRA,"BUENA VISTA RD",ACACIA,65.00,W,N,A,-,N,,,,,,,,,,N,3,0,1,2,D,-,00,,,F,G,B,D,A,H,-,C,A,0,Y,,,,Y,Y,-,"- ",0,1,0,0,1,0,0,0,0,"- ","- ",,,"SAN BENITO",HOLLISTER,-121.41065979003906,36.857017517089844
9825942,2025,2025-09-10,3501,2025-05-11,2108,11159,3501,7,5,4,3501,0,0,0,,0,GRA,"LADD LN","TALBOT DR",0.00,,Y,A,-,N,,,,,,,,,,Y,3,0,2,2,A,-,09,21802,A,N,D,C,A,A,H,-,C,D,0,,,,,Y,,A,01,0,1,1,0,0,0,0,0,0,"- ","- ",,,"SAN BENITO",HOLLISTER,-121.39299774169922,36.833023071289062
9825944,2025,2025-09-10,3501,2025-05-15,1511,01493,3501,4,5,4,3501,0,0,0,,0,DAY,"MERIDIAN ST","RECHT ST",0.00,,Y,A,-,N,,,,,,,,,,N,4,0,2,2,A,-,05,21650,,N,D,D,A,A,H,-,A,A,0,,,,,Y,,M,94,0,0,2,0,0,0,0,0,0,"- ","- ",,,"SAN BENITO",HOLLISTER,-121.39421844482422,36.852119445800781
9870610,2025,2025-09-10,3501,2025-07-24,1800,11213,3501,4,5,4,3501,0,0,0,,0,GRA,"SAN BENITO ST","NASH RD",6.00,N,N,A,-,N,,,,,,,,,,N,4,0,1,2,D,-,00,,,M,G,G,A,A,H,-,A,A,0,,Y,,,Y,,-,"- ",0,0,1,0,0,0,1,0,0,"- ","- ",,,"SAN BENITO",HOLLISTER,-121.40248107910156,36.839805603027344
9876369,2025,2026-01-06,3501,2025-08-31,1127,11060,3501,7,5,4,3501,0,0,0,,0,DAY,"SAN FELIPE RD","MAPLE ST",0.00,,Y,A,-,N,,,,,,,,,,Y,4,0,2,2,A,-,09,21801,A,N,D,C,A,A,H,-,A,A,0,,,,,Y,,A,01,0,0,2,0,0,0,0,0,0,"- ","- ",,,"SAN BENITO",HOLLISTER,-121.40171813964844,36.858589172363281
9894010,2025,2026-01-16,3501,2025-11-04,2009,11047,3501,2,5,4,3501,0,0,0,,0,GRA,"RT 25","MERIDIAN ST",0.00,,Y,A,-,Y,SBT,5,25,-,R,50.809,I,5,N,Y,4,0,2,2,A,-,09,21801,A,N,A,C,A,A,H,-,C,A,0,,,,,Y,,A,01,0,0,2,0,0,0,0,0,0,"- ","- ",,,"SAN BENITO",HOLLISTER,-121.39020538330078,36.851978302001953
9894030,2025,2026-01-05,3501,2025-11-23,"754 ",11225,3501,7,5,4,3501,0,0,0,,0,DAY,"SAN FELIPE RD","GATEWAY DR",0.00,,Y,E,-,N,,,,,,,,,,Y,4,0,2,2,A,-,09,21801,A,N,D,C,A,A,H,-,B,D,0,,,,,Y,,A,08,0,0,2,0,0,0,0,0,0,"- ","- ",,,"SAN BENITO",HOLLISTER,-121.40145111083984,36.861904144287109
9894038,2025,2026-01-16,3501,2025-11-29,1736,12111,3501,6,5,4,3501,0,0,0,,0,GRA,"AIRLINE HWY","TRES PINOS RD",0.00,,Y,A,-,Y,SBT,5,25,-,R,49.860,H,-,N,N,4,0,1,2,A,-,09,21801,A,N,D,C,A,A,H,-,C,A,0,,,Y,,Y,,A,01,0,0,1,0,0,0,0,0,1,"- ","- ",,,"SAN BENITO",HOLLISTER,-121.3900146484375,36.837959289550781
9895122,2025,2026-01-07,3501,2025-09-06,1809,11099,3501,6,5,4,3501,0,0,0,,0,GRA,"MEMORIAL DR","HILLCREST RD",0.00,,Y,A,-,N,,,,,,,,,,Y,3,0,2,2,A,-,09,21800,B,N,D,C,A,A,H,-,A,A,0,,,,,Y,,A,01,0,1,1,0,0,0,0,0,0,"- ","- ",,,"SAN BENITO",HOLLISTER,-121.38375854492188,36.847492218017578
9895124,2025,2026-01-07,3501,2025-09-13,2111,11106,3501,6,5,4,3501,0,0,0,,0,GRA,"MCCRAY ST","MERIDIAN ST",0.00,,Y,A,-,N,,,,,,,,,,N,4,0,1,2,A,-,12,21453,A,N,D,C,A,A,H,-,C,A,0,,,,,Y,,A,01,0,0,1,0,0,0,0,0,0,"- ","- ",,,"SAN BENITO",HOLLISTER,-121.39898681640625,36.852443695068359
9895127,2025,2026-01-07,3501,2025-08-11,"946 ",11060,3501,1,5,4,3501,0,0,0,,0,DAY,"SUNSET DR","CLEARVIEW DR",0.00,,Y,A,-,N,,,,,,,,,,N,2,0,1,2,A,-,05,21202,A,N,A,G,A,A,H,-,A,D,0,,Y,,,Y,,L,04,1,0,0,0,0,0,1,0,0,"- ","- ",,,"SAN BENITO",HOLLISTER,-121.37693023681641,36.834877014160156
9895237,2025,2026-01-07,3501,2025-09-21,1930,11225,3501,7,5,4,3501,0,0,0,,0,GRA,"SUNNYSLOPE RD","EL TORO DR",0.00,,Y,A,-,N,,,,,,,,,,N,3,0,2,2,A,-,09,21802,A,N,D,C,A,A,H,-,C,A,0,,,,,Y,,A,01,0,1,1,0,0,0,0,0,0,"- ","- ",,,"SAN BENITO",HOLLISTER,-121.38166809082031,36.838916778564453
9895240,2025,2026-01-07,3501,2025-09-05,1824,11159,3501,5,5,4,3501,0,0,0,,0,GRA,"SAN BENITO ST","1ST ST",16.00,E,N,A,-,N,,,,,,,,,,Y,3,0,1,2,A,-,09,21802,A,N,D,C,A,A,H,-,A,D,0,,,,,Y,,A,07,0,1,0,0,0,0,0,0,0,"- ","- ",,,"SAN BENITO",HOLLISTER,-121.40194702148438,36.855628967285156
9895241,2025,2026-01-07,3501,2025-09-16,2019,11106,3501,2,5,4,3501,0,0,0,,0,GRA,"10 NORTH ST","SAN FELIPE RD",10.00,W,N,A,-,N,,,,,,,,,,N,4,0,1,2,A,-,03,22350,,N,C,C,A,A,H,-,C,A,0,,,,,Y,,A,01,0,0,1,0,0,0,0,0,0,"- ","- ",,,"SAN BENITO",HOLLISTER,-121.40195465087891,36.856670379638672
9901263,2025,2025-12-30,3501,2025-11-03,"845 ",11013,3501,1,5,4,3501,0,0,0,,0,DAY,"NASH RD","SUITER ST",0.00,,Y,A,-,N,,,,,,,,,,N,4,0,1,2,A,-,05,21460,,N,D,C,A,A,H,-,A,D,0,,Y,,,Y,,L,04,0,0,1,0,0,0,1,0,0,"- ","- ",,,"SAN BENITO",HOLLISTER,-121.40701293945312,36.839962005615234
9901269,2025,2025-12-30,3501,2025-11-17,1942,11047,3501,1,5,4,3501,0,0,0,,0,GRA,"PROSPECT AV","HAWKINS ST",130.00,N,N,C,-,N,,,,,,,,,,N,2,0,1,1,D,-,00,,,N,H,A,A,B,A,-,D,D,0,,Y,,,Y,,-,"- ",1,0,0,0,0,0,1,0,0,"- ","- ",,,"SAN BENITO",HOLLISTER,-121.39612579345703,36.846595764160156
9901341,2025,2026-01-08,3501,2025-10-24,2043,11159,3501,5,5,4,3501,0,0,0,,0,GRA,"1ST ST","SAN BENITO ST",0.00,W,N,A,-,N,,,,,,,,,,N,4,0,1,2,A,-,11,21954,A,N,B,B,D,A,H,-,D,D,0,Y,,,,Y,,N,60,0,0,1,0,1,0,0,0,0,"- ","- ",,,"SAN BENITO",HOLLISTER,-121.40194702148438,36.855628967285156
9901343,2025,2026-01-08,3501,2025-10-27,"920 ",11108,3501,1,5,4,3501,0,0,0,,0,DAY,"SAN FELIPE RD","MCCLOSKEY RD",15.00,N,N,A,-,N,,,,,,,,,,Y,4,0,1,2,A,-,12,21453,A,N,D,C,A,A,H,-,A,A,0,,,,,Y,,E,22,0,0,1,0,0,0,0,0,0,"- ","- ",,,"SAN BENITO",HOLLISTER,-121.40108489990234,36.869411468505859
9901345,2025,2026-01-09,3501,2025-11-24,1850,11106,3501,1,5,4,3501,0,0,0,,0,GRA,"SUNNYSLOPE RD","VALLEY VIEW RD",110.00,E,N,A,-,N,,,,,,,,,,Y,4,0,2,2,A,-,01,23152,A,N,A,C,A,A,H,-,C,A,0,,,,,Y,Y,D,22,0,0,2,0,0,0,0,0,0,"- ","- ",,,"SAN BENITO",HOLLISTER,-121.38072204589844,36.838893890380859
9901346,2025,2026-01-08,3501,2025-10-25,1051,11225,3501,6,5,4,3501,0,0,0,,0,DAY,"4TH ST","GRAF RD",0.00,,Y,A,-,N,,,,,,,,,,Y,2,0,2,3,A,-,01,23152,A,N,A,C,A,A,H,-,A,A,0,,,,,Y,Y,A,01,1,0,1,0,0,0,0,0,0,"- ","- ",,,"SAN BENITO",HOLLISTER,,
5912236,2014,2015-12-29,3501,2014-02-08,0958,10837,3501,6,5,4,3501,0,0,0,,0,DAY,"SAN FELIPE RD","MAPLE ST",0.00,,N,A,B,N,,,,,,,,,,Y,1,1,2,3,A,-,09,21804,A,N,D,C,A,A,H,-,A,D,0,,,,,Y,,A,01,0,0,2,0,0,0,0,0,0,"- ","- ",,,"SAN BENITO",HOLLISTER,-121.40171986999999,36.858590049999997
6291289,2014,2015-12-29,9725,2014-01-01,1820,19887,,3,2,9,3500,0,1,3,,2,053,"RT 156","MERRILL RD",415.00,E,N,A,-,Y,SBT,5,101,-,-,2.999,R,2,S,Y,1,1,0,1,A,-,01,23152,F,N,E,J,A,A,H,-,D,D,5,,,,,Y,Y,A,01,0,0,0,0,0,0,0,0,0,"- ","- ",36.862549999999999,-121.58111,"SAN BENITO",UNINCORPORATED,-121.58067285,36.861871780000001
6291641,2014,2014-11-19,9725,2014-08-30,1700,20754,,6,2,9,3500,0,3,5,,2,005,"PANOCHE RD","COTTONWOOD RD",31680.00,E,N,A,-,N,,,,,,,,,,Y,1,1,0,1,A,-,03,22350,,N,E,I,A,-,A,H,A,D,0,,,,,Y,,D,22,0,0,0,0,0,0,0,0,0,"- ","- ",36.660429999999998,-121.11193,"SAN BENITO",UNINCORPORATED,-121.14973384,36.655671210000001
6378239,2014,2014-09-19,9725,2014-01-31,1330,20276,,5,1,9,3500,0,1,2,,1,056,"RT 101","RT 129",0.00,,Y,A,-,Y,SBT,5,101,-,R,4.608,R,4,N,N,4,0,1,2,A,-,09,21801,A,N,D,C,A,A,H,-,A,D,5,,,,,Y,,A,01,0,0,1,0,0,0,0,0,0,TO,"- ",36.882129999999997,-121.56026,"SAN BENITO",UNINCORPORATED,-121.5643618,36.878871740000001
6381816,2014,2016-03-05,9735,2014-02-14,1100,018069,,5,1,9,3500,0,1,3,,2,052,"RT 25","COALINGA RD",1584.00,N,N,-,-,Y,SBT,5,25,-,-,9.760,H,-,S,Y,3,0,1,1,A,-,08,22107,,N,F,A,A,-,-,-,-,D,0,,,Y,,Y,,C,02,0,1,0,0,0,0,0,0,1,"- ","- ",36.410870000000003,-120.99723,"SAN BENITO",UNINCORPORATED,-120.99729743,36.411674189999999
6407182,2014,2016-03-05,9725,2014-02-17,1604,020101,,1,2,9,3500,0,1,3,,2,053,"RT 156","UNION RD",1320.00,E,N,A,-,Y,SBT,5,156,-,-,7.500,H,-,E,N,4,0,1,2,A,-,03,22350,,N,C,C,A,A,H,-,A,D,0,,,,,Y,,A,01,0,0,1,0,0,0,0,0,0,"- ","- ",36.845840000000003,-121.45449000000001,"SAN BENITO",UNINCORPORATED,-121.45559948,36.844262649999997
6412792,2014,2015-10-09,3501,2014-02-06,1757,10862,3501,4,5,4,3501,0,0,0,,0,GRA,"SAN BENITO ST","PALMTAG DR",0.00,,Y,B,-,N,,,,,,,,,,Y,3,0,1,2,A,-,03,22350,,M,C,C,A,B,H,-,C,D,0,,,,,Y,,A,01,0,1,0,0,0,0,0,0,0,"- ","- ",,,"SAN BENITO",HOLLISTER,-121.40241988,36.841140099999997
6421012,2014,2015-11-16,9725,2014-03-09,1515,20008,,7,2,9,3500,0,1,2,,1,056,"RT 101","SAN JUAN RD",528.00,N,N,A,-,Y,SBT,5,101,-,-,0.240,H,-,N,Y,4,0,1,3,A,-,03,22350,,N,C,C,A,A,H,-,A,D,5,,,,,Y,,A,01,0,0,1,0,0,0,0,0,0,"- ","- ",36.857289999999999,-121.62916,"SAN BENITO",UNINCORPORATED,-121.62628404,36.858520689999999
6434270,2014,2014-07-09,3501,2014-03-14,1327,10837,3501,5,5,4,3501,0,0,0,,0,DAY,"MONTEREY ST","4TH ST",0.00,,Y,A,-,N,,,,,,,,,,Y,4,0,2,2,A,-,12,22450,A,N,D,C,A,A,H,-,A,D,0,,,,,Y,,A,01,0,0,2,0,0,0,0,0,0,"- ","- ",,,"SAN BENITO",HOLLISTER,-121.40385999999999,36.852550119999997
6434274,2014,2014-07-09,3501,2014-03-21,1126,1,3501,5,5,4,3501,0,0,0,,0,DAY,"POWELL ST","POWELL ST 1027",0.00,,N,A,-,N,,,,,,,,,,N,3,0,1,2,A,-,09,21802,A,N,G,B,D,A,H,-,A,D,0,Y,,,,Y,,N,60,0,1,0,0,1,0,0,0,0,"- ","- ",,,"SAN BENITO",HOLLISTER,-121.40793085,36.84246735
6471515,2014,2014-07-14,9725,2014-04-10,0525,020781,,4,3,9,3500,0,2,4,,1,052,"SHORE RD","LOVERS LN",0.00,,Y,A,-,N,,,,,,,,,,Y,3,0,4,2,A,-,09,21801,A,N,D,C,A,A,H,-,D,A,0,,,,,Y,,A,01,0,1,3,0,0,0,0,0,0,"- ","- ",36.940800000000003,-121.42742,"SAN BENITO",UNINCORPORATED,-121.42700997999999,36.940770030000003
6491977,2014,2015-12-14,9725,2014-05-02,1340,19838,,5,1,9,3500,0,3,5,,2,007,"SOUTHSIDE RD","BOLADO DR",1055.00,W,N,A,-,N,,,,,,,,,,N,4,0,1,1,A,-,03,22350,,N,E,J,A,A,H,-,A,-,0,,,,,Y,,A,01,0,0,1,0,0,0,0,0,0,"- ","- ",36.787970000000001,-121.32885,"SAN BENITO",UNINCORPORATED,-121.32830185,36.788281040000001
6497083,2014,2014-08-08,3500,2014-06-01,0000,RBROWN,3,7,5,1,3502,0,0,0,,0,003,"4TH ST","MUCKELEMI ST",0.00,,Y,A,-,N,,,,,,,,,,N,4,0,1,2,A,-,05,21202,A,N,D,G,A,A,H,-,A,A,0,,Y,,,Y,,L,04,0,0,1,0,0,0,1,0,0,"- ","- ",,,"SAN BENITO","SAN JUAN BAUTISTA",-121.5391999,36.845000059999997
6530013,2014,2014-08-06,3501,2014-05-11,1602,10749,3501,7,5,4,3501,0,0,0,,0,DAY,"MCCRAY ST","GIBBS DR",4.00,S,N,A,-,N,,,,,,,,,,Y,4,0,2,2,A,-,09,21801,A,N,D,C,A,A,H,-,A,A,0,,,,,Y,,A,01,0,0,2,0,0,0,0,0,0,"- ","- ",,,"SAN BENITO",HOLLISTER,-121.39428357,36.844530310000003
6533120,2014,2016-04-07,9725,2014-05-18,1625,019838,,7,2,9,3500,0,1,2,,1,056,"RT 101","CANNON RD",42.00,S,N,A,-,Y,SBT,5,101,-,-,1.620,H,-,S,Y,3,0,2,1,A,-,08,22107,,N,E,I,A,A,B,G,A,D,5,,,,,Y,,A,01,0,1,1,0,0,0,0,0,0,"- ","- ",36.655630000000002,-121.64569,"SAN BENITO",UNINCORPORATED,-121.60425069,36.859896910000003