CASE_ID,ACCIDENT_YEAR,PROC_DATE,JURIS,COLLISION_DATE,COLLISION_TIME,OFFICER_ID,REPORTING_DISTRICT,DAY_OF_WEEK,CHP_SHIFT,POPULATION,CNTY_CITY_LOC,SPECIAL_COND,BEAT_TYPE,CHP_BEAT_TYPE,CITY_DIVISION_LAPD,CHP_BEAT_CLASS,BEAT_NUMBER,PRIMARY_RD,SECONDARY_RD,DISTANCE,DIRECTION,INTERSECTION,WEATHER_1,WEATHER_2,STATE_HWY_IND,CALTRANS_COUNTY,CALTRANS_DISTRICT,STATE_ROUTE,ROUTE_SUFFIX,POSTMILE_PREFIX,POSTMILE,LOCATION_TYPE,RAMP_INTERSECTION,SIDE_OF_HWY,TOW_AWAY,COLLISION_SEVERITY,NUMBER_KILLED,NUMBER_INJURED,PARTY_COUNT,PRIMARY_COLL_FACTOR,PCF_CODE_OF_VIOL,PCF_VIOL_CATEGORY,PCF_VIOLATION,PCF_VIOL_SUBSECTION,HIT_AND_RUN,TYPE_OF_COLLISION,MVIW,PED_ACTION,ROAD_SURFACE,ROAD_COND_1,ROAD_COND_2,LIGHTING,CONTROL_DEVICE,CHP_ROAD_TYPE,PEDESTRIAN_ACCIDENT,BICYCLE_ACCIDENT,MOTORCYCLE_ACCIDENT,TRUCK_ACCIDENT,NOT_PRIVATE_PROPERTY,ALCOHOL_INVOLVED,STWD_VEHTYPE_AT_FAULT,CHP_VEHTYPE_AT_FAULT,COUNT_SEVERE_INJ,COUNT_VISIBLE_INJ,COUNT_COMPLAINT_PAIN,COUNT_PED_KILLED,COUNT_PED_INJURED,COUNT_BICYCLIST_KILLED,COUNT_BICYCLIST_INJURED,COUNT_MC_KILLED,COUNT_MC_INJURED,PRIMARY_RAMP,SECONDARY_RAMP,LATITUDE,LONGITUDE,COUNTY,CITY,POINT_X,POINT_Y
90037905,2015,2015-10-26,9725,2015-09-18,1600,020967,,5,2,9,3500,0,1,3,,2,053,"SR-156 W/B","BUENA VISTA RD",2640.00,W,N,A,-,Y,,,156,,,,,,W,Y,3,0,1,2,A,-,03,22350,,N,C,C,A,A,H,-,A,D,0,,,,,Y,,D,22,0,1,0,0,0,0,0,0,0,"- ","- ",36.85857,-121.4481,"SAN BENITO",UNINCORPORATED,-121.44749892999999,36.858192809999998
90052444,2015,2015-11-17,9725,2015-10-26,2105,020952,,1,2,9,3500,0,1,2,,1,056,"US-101 N/B","ROCKS ROAD",2112.00,S,N,A,-,Y,,,101,,,,,,N,Y,3,0,1,2,A,-,07,21658,A,F,B,C,A,A,H,-,D,D,0,,,,Y,Y,,G,25,0,1,0,0,0,0,0,0,0,"- ","- ",36.861400000000003,-121.6112,"SAN BENITO",UNINCORPORATED,-121.61115021000001,36.861465799999998
90085264,2015,2015-12-30,9725,2015-12-21,1725,019305,,1,2,9,3500,0,3,5,,2,005,"FRAZER LAKE RD.","SANTA CLARA COUNTY LINE",6864.00,S,N,C,-,N,,,,,,,,,,Y,3,0,4,3,A,-,09,21801,A,N,D,C,A,B,H,-,D,D,0,,,,,Y,Y,A,07,0,2,2,0,0,0,0,0,0,"- ","- ",36.958129999999997,-121.48374,"SAN BENITO",UNINCORPORATED,-121.48378909,36.95807387
90090211,2015,2016-01-07,9725,2015-12-21,1550,020276,,1,2,9,3500,0,1,3,,1,057,SR-129,"PAJARO RD.",300.00,W,N,B,C,Y,,,129,,,,,,,Y,1,2,1,2,A,-,05,21460,A,N,D,C,A,B,H,-,A,D,0,,,,,Y,,A,01,0,0,1,0,0,0,0,0,0,"- ","- ",36.900129999999997,-121.59668000000001,"SAN BENITO",UNINCORPORATED,-121.59669365000001,36.900101929999998
90119350,2016,2016-02-22,9725,2016-02-19,0120,020799,,5,3,9,3500,0,1,2,,1,056,"US-101 S/B","SAN JUAN RD.",5280.00,N,N,A,-,Y,,,101,,,,,,S,Y,4,0,3,2,A,-,01,23152,A,N,C,C,A,A,H,-,D,D,0,,,,,Y,Y,A,01,0,0,3,0,0,0,0,0,0,"- ","- ",36.863489999999999,-121.61542,"SAN BENITO",UNINCORPORATED,-121.61543061,36.863405350000001
90121501,2016,2016-02-23,9725,2016-02-22,0648,013521,,1,1,9,3500,0,1,3,,1,054,"SR-25   N/B",SR-156,1117.00,S,N,A,-,Y,,,25,,,,,,N,Y,4,0,3,4,A,-,03,22350,,N,C,C,A,A,H,-,A,D,0,,,,,Y,,A,01,0,0,3,0,0,0,0,0,0,"- ","- ",36.893439999999998,-121.42509,"SAN BENITO",UNINCORPORATED,-121.42517239,36.893359570000001
9012709,2019,2020-01-03,3501,2019-11-12,0927,10925,3501,2,5,4,3501,0,0,0,,0,DAY,"FALLON RD","SAN FELIPE RD",32.00,E,N,A,-,N,,,,,,,,,,Y,4,0,1,1,A,-,03,22350,,N,F,J,A,A,H,-,A,A,0,,,,,Y,,A,01,0,0,1,0,0,0,0,0,0,"- ","- ",,,"SAN BENITO",HOLLISTER,-121.40013122558594,36.885688781738281
90133352,2016,2016-03-10,9725,2016-01-30,0110,020787,,6,3,9,3500,0,1,2,,1,056,"US-101 S/B","CANNON RD",1584.00,S,N,C,-,Y,,,101,,,,,,S,N,4,0,1,1,A,-,03,22350,,N,E,I,A,B,H,-,D,D,0,,,,,Y,,A,01,0,0,1,0,0,0,0,0,0,"- ","- ",36.861609999999999,-121.61109,"SAN BENITO",UNINCORPORATED,-121.61110884,36.861581620000003
90142722,2016,2016-03-24,9725,2016-03-15,1705,020742,,2,2,9,3500,0,2,4,,1,052,"ORCHARD RD.","FAIRVIEW RD.",0.00,,Y,A,-,N,,,,,,,,,,N,4,0,1,2,A,-,09,21802,A,N,B,C,A,A,H,-,A,D,0,,,,Y,Y,,A,01,0,0,1,0,0,0,0,0,0,"- ","- ",36.931530000000002,-121.38581000000001,"SAN BENITO",UNINCORPORATED,-121.38570987999999,36.931390110000002
90144485,2016,2016-03-28,9725,2016-03-14,1651,015579,,1,2,9,3500,0,3,5,,2,007,"ROCKS ROAD",US-101,113.00,E,N,B,-,N,,,,,,,,,,Y,3,0,2,1,A,-,03,22350,,N,E,J,A,B,F,-,A,A,0,,,,,Y,Y,A,01,0,2,0,0,0,0,0,0,0,"- ","- ",36.859279999999998,-121.60389000000001,"SAN BENITO",UNINCORPORATED,-121.60390998,36.859362099999998
90146595,2016,2016-03-29,9725,2016-03-19,1355,020742,,6,1,9,3500,0,1,3,,1,051,SR-25,"QUIEN SABE RD",10560.00,S,N,A,-,Y,,,25,,,,,,,N,2,0,1,2,A,-,04,21703,,N,F,A,A,A,H,-,A,D,0,,Y,,,Y,,L,04,1,0,0,0,0,0,1,0,0,"- ","- ",36.761310000000002,-121.29644,"SAN BENITO",UNINCORPORATED,-121.29646773,36.76128928
90148867,2016,2016-04-01,9725,2016-03-30,0655,014585,,3,1,9,3500,0,1,3,,2,053,SR-156,"FLINT RD",528.00,W,N,A,-,Y,,,156,,,,,,,N,4,0,1,2,A,-,03,22350,,N,C,C,A,A,H,-,A,D,0,,,,,Y,,A,07,0,0,1,0,0,0,0,0,0,"- ","- ",36.842410000000001,-121.45771000000001,"SAN BENITO",UNINCORPORATED,-121.457734,36.842463279999997
90149066,2016,2016-04-01,9725,2016-03-18,1340,019887,,5,1,9,3500,0,1,2,,1,056,"US-101 S/B","CANNON RD",5280.00,N,N,A,-,Y,,,101,,,,,,S,Y,3,0,1,3,A,-,07,21658,A,N,B,C,A,A,H,-,A,D,0,,,,,Y,,-,99,0,1,0,0,0,0,0,0,0,"- ","- ",36.860999999999997,-121.5881,"SAN BENITO",UNINCORPORATED,-121.58809467,36.860975629999999
9015266,2019,2020-01-07,3501,2019-10-13,1857,11047,3501,7,5,4,3501,0,0,0,,0,GRA,"SAN BENITO ST","HILL ST",132.00,N,N,A,-,N,,,,,,,,,,N,3,0,1,2,C,-,18,,,N,G,B,D,A,H,-,C,D,0,Y,,,,Y,,-,"- ",0,1,0,0,1,0,0,0,0,"- ","- ",,,"SAN BENITO",HOLLISTER,-121.40200042724609,36.854461669921875
90175762,2016,2016-05-10,9725,2016-05-08,1950,020967,,7,2,9,3500,0,1,2,,1,056,"US 101 N/B",SR-129,500.00,N,N,A,-,Y,,,,,,,,,,Y,3,0,2,3,A,-,01,23152,A,N,C,C,A,A,H,-,B,D,0,,,,,Y,Y,A,01,0,1,1,0,0,0,0,0,0,"- ","- ",36.884239999999998,-121.5605,"SAN BENITO",UNINCORPORATED,,
90197676,2016,2016-06-09,9725,2016-06-06,0840,018282,,1,1,9,3500,0,3,5,,2,007,"SAN JUSTO RD","ANZAR RD.",3168.00,E,N,A,-,N,,,,,,,,,,Y,3,0,1,1,A,-,08,22107,,N,F,A,A,A,H,-,A,D,0,,,,Y,Y,,G,25,0,1,0,0,0,0,0,0,0,"- ","- ",36.867690000000003,-121.54751,"SAN BENITO",UNINCORPORATED,-121.54799396,36.868154160000003
90215970,2016,2016-07-05,9725,2016-06-27,0645,019217,,1,1,9,3500,0,2,4,,1,052,"SHORE RD","LAKE RD",150.00,W,N,A,-,N,,,,,,,,,,Y,4,0,1,1,A,-,08,22107,,N,E,I,A,A,H,-,A,D,0,,,,,Y,,A,01,0,0,1,0,0,0,0,0,0,"- ","- ",36.942169999999997,-121.44651,"SAN BENITO",UNINCORPORATED,-121.44685026000001,36.942004789999999
90220250,2016,2016-07-11,9725,2016-07-03,1318,019288,,7,1,9,3500,0,3,5,,2,007,"SAN JUAN HIGHWAY","ANZAR RD",55.00,S,N,A,-,N,,,,,,,,,,N,2,0,2,1,A,-,03,22350,,N,F,A,A,A,H,-,A,D,0,,,Y,,Y,,C,02,1,1,0,0,0,0,0,0,2,"- ","- ",36.875369999999997,-121.55426,"SAN BENITO",UNINCORPORATED,-121.55433846,36.875308920000002
90221951,2016,2016-07-13,9725,2016-07-05,0640,019217,,2,1,9,3500,0,1,3,,1,054,"SR-25 N/B","SHORE RD",4000.00,S,N,A,-,Y,,,25,,,,,,N,N,4,0,1,2,A,-,03,22350,,N,C,C,A,A,H,-,A,D,0,,,,,Y,,D,22,0,0,1,0,0,0,0,0,0,"- ","- ",36.926009999999998,-121.46478,"SAN BENITO",UNINCORPORATED,-121.46482709,36.925909240000003
90230397,2016,2016-07-26,9725,2016-07-20,1035,014585,,3,1,9,3500,0,3,5,,2,007,"SAN JUAN HIGHWAY","RT 101",1056.00,E,N,A,-,N,,,,,,,,,,N,4,0,1,2,A,-,09,21804,A,N,D,C,A,A,H,-,A,D,0,,,,Y,Y,,A,01,0,0,1,0,0,0,0,0,0,"- ","- ",36.882739999999998,-121.55601,"SAN BENITO",UNINCORPORATED,-121.62788,36.85792
90232310,2016,2016-07-28,9725,2016-07-21,1605,020967,,4,2,9,3500,0,1,3,,2,053,SR-156,"FLINT RD",350.00,E,N,A,-,Y,,,156,,,,,,,Y,4,0,2,3,A,-,03,22350,,N,C,C,A,A,H,-,A,D,0,,,,,Y,,A,01,0,0,2,0,0,0,0,0,0,"- ","- ",36.841639999999998,-121.47117,"SAN BENITO",UNINCORPORATED,-121.47117,36.841639829999998
90266572,2016,2016-09-13,9725,2016-08-31,0640,013521,,3,1,9,3500,0,1,3,,1,054,"SR-25  N/B","SAN BENITO/SANTA CLARA CO. LINE",3696.00,S,N,A,-,Y,,,25,,,,,,N,Y,4,0,1,2,A,-,03,22350,,N,C,C,A,A,H,-,A,D,0,,,Y,,Y,,C,02,0,0,1,0,0,0,0,0,1,"- ","- ",36.943210000000001,-121.50121,"SAN BENITO",UNINCORPORATED,-121.50125557,36.943113269999998
90267981,2016,2016-09-15,9725,2016-09-07,1005,021285,,3,1,9,3500,0,3,5,,2,005,"LOVERS LANE","SHORE ROAD",2112.00,N,N,A,-,N,,,,,,,,,,Y,4,0,1,1,A,-,08,22107,,N,E,I,A,A,H,-,A,D,0,,,,,Y,,A,01,0,0,1,0,0,0,0,0,0,"- ","- ",36.946759999999998,-121.42655999999999,"SAN BENITO",UNINCORPORATED,-121.42658704999999,36.946561559999999
90276095,2016,2016-09-26,9725,2016-09-17,1245,019217,,6,1,9,3500,0,1,2,,1,056,"US-101 S/B","CANNON RD",1584.00,N,N,A,-,Y,,,101,,,,,,S,N,4,0,1,2,A,-,03,22350,,N,C,C,A,A,H,-,A,D,0,,,,,Y,,A,01,0,0,1,0,0,0,0,0,0,"- ","- ",36.859560000000002,-121.60102999999999,"SAN BENITO",UNINCORPORATED,-121.60102686,36.859590019999999
90290921,2016,2016-10-13,9725,2016-10-07,2149,019978,,5,2,9,3500,0,1,3,,1,054,SR-25,"WRIGHT RD",0.00,,Y,A,-,Y,,,25,,,,,,,Y,4,0,1,2,A,-,09,21802,A,N,D,C,A,A,H,-,D,A,0,,,,,Y,,A,01,0,0,1,0,0,0,0,0,0,"- ","- ",36.869579999999999,-121.40655,"SAN BENITO",UNINCORPORATED,-121.40652469,36.869602499999999
90303149,2016,2016-10-27,9725,2016-10-23,0225,020787,,7,3,9,3500,0,1,3,,2,053,"SR-156 W/B","MERRILL RD",150.00,E,N,A,-,Y,,,,,,,,,,Y,3,0,1,1,A,-,08,22107,,N,E,J,A,A,H,-,D,D,0,,,,,Y,,A,01,0,1,0,0,0,0,0,0,0,"- ","- ",36.862560000000002,-121.5808,"SAN BENITO",UNINCORPORATED,-121.58215490000001,36.86270863
90359139,2016,2017-01-02,9725,2016-12-23,1530,020854,,5,2,9,3500,0,1,2,,1,056,"US-101 S/B","CANNON ROAD",100.00,S,N,C,-,Y,,,101,,,,,,S,Y,4,0,2,2,A,-,03,22350,,N,C,C,A,B,H,-,A,D,0,,,,,Y,,D,22,0,0,2,0,0,0,0,0,0,"- ","- ",36.860010000000003,-121.60469000000001,"SAN BENITO",UNINCORPORATED,-121.60469479,36.859945080000003
90405176,2017,2017-03-03,9725,2017-02-12,0755,018473,,7,1,9,3500,0,3,5,,2,005,"FRAZER LAKE RD.","SHORE RD.",7392.00,N,N,B,E,N,,,,,,,,,,Y,2,0,4,2,A,-,01,23152,F,N,A,C,A,A,H,-,A,D,0,,,,,Y,,A,01,1,0,3,0,0,0,0,0,0,"- ","- ",36.95241,-121.47501,"SAN BENITO",UNINCORPORATED,-121.47507183,36.952389119999999
90415384,2016,2017-03-20,9725,2016-11-23,0550,013521,,3,3,9,3500,0,3,5,,2,007,"BUENA VISTA AVE","WESTSIDE BLVD",0.00,,Y,B,-,N,,,,,,,,,,Y,1,1,0,2,A,-,09,21802,A,N,D,C,A,B,H,-,D,A,0,,,,,Y,,A,01,0,0,0,0,0,0,0,0,0,"- ","- ",36.857109999999999,-121.41448,"SAN BENITO",UNINCORPORATED,-121.41453987,36.857160069999999
90423319,2017,2017-03-29,9725,2017-03-25,0628,020787,,6,1,9,3500,0,1,2,,1,056,"US-101 N/B","ROCKS RD",3696.00,S,N,B,C,Y,,,101,,,,,,N,Y,2,0,4,3,A,-,03,22350,,N,D,C,A,B,H,-,D,D,0,,,,,Y,,A,01,1,0,3,0,0,0,0,0,0,"- ","- ",36.862609999999997,-121.61527,"SAN BENITO",UNINCORPORATED,-121.61525628,36.862706639999999
90424980,2016,2017-03-31,9725,2016-12-07,1930,013521,,3,2,9,3500,0,3,5,,2,005,"PANOCHE ROAD",SR-25,6336.00,E,N,B,C,N,,,,,,,,,,Y,3,0,1,1,A,-,03,22350,,N,F,A,A,B,H,-,D,D,0,,,,,Y,,A,01,0,1,0,0,0,0,0,0,0,"- ","- ",36.726559999999999,-121.26913,"SAN BENITO",UNINCORPORATED,-121.26103878000001,36.720841030000003
90440324,2017,2017-04-24,9725,2017-03-14,0615,014585,,2,1,9,3500,0,3,5,,2,007,"SAN JUAN HWY","RT 101",500.00,E,N,A,-,N,,,,,,,,,,N,4,0,1,1,A,-,08,22107,,M,E,I,A,A,H,-,B,C,0,,,,,Y,,A,01,0,0,1,0,0,0,0,0,0,"- ","- ",36.882750000000001,-121.55583,"SAN BENITO",UNINCORPORATED,-121.62788,36.85792
90446940,2017,2017-05-02,9725,2017-04-26,0020,020936,,3,3,9,3500,0,1,2,,1,056,"US-101 S/B","CANNON ROAD",1584.00,S,N,A,-,Y,,,101,,,,,,S,Y,2,0,2,1,A,-,08,22107,,N,F,A,A,A,H,-,D,D,0,,,,,Y,,A,01,1,1,0,0,0,0,0,0,0,"- ","- ",36.860729999999997,-121.60966000000001,"SAN BENITO",UNINCORPORATED,-121.60967895,36.860688109999998
90452880,2017,2017-05-10,9725,2017-05-08,2310,021665,,1,3,9,3500,0,1,2,,1,056,"US-101 S/B","ROCKS RD",2112.00,S,N,A,-,Y,,,101,,,,,,S,Y,4,0,2,2,A,-,01,23152,A,N,C,C,A,A,H,-,D,D,0,,,,,Y,Y,A,01,0,0,2,0,0,0,0,0,0,"- ","- ",36.861280000000001,-121.61077,"SAN BENITO",UNINCORPORATED,-121.61073467,36.86133323
90476517,2017,2017-06-13,9725,2017-06-05,1125,019217,,1,1,9,3500,0,1,2,,1,056,"US-101 N/B","SAN JUAN ROAD",2640.00,N,N,A,-,Y,,,101,,,,,,N,Y,4,0,1,1,A,-,08,22107,,N,E,I,A,A,H,-,A,D,0,,,,,Y,,A,01,0,0,1,0,0,0,0,0,0,"- ","- ",36.861339999999998,-121.61942000000001,"SAN BENITO",UNINCORPORATED,-121.61944828,36.861380920000002
90477075,2017,2017-06-13,9725,2017-06-07,0505,021285,,3,3,9,3500,0,1,3,,1,054,"SR-25 N/B","SHORE ROAD",2112.00,S,N,A,-,Y,,,,,,,,,,Y,4,0,1,3,A,-,03,22350,,N,C,C,A,A,H,-,A,D,0,,,,,Y,,A,01,0,0,1,0,0,0,0,0,0,"- ","- ",36.924430000000001,-121.45140000000001,"SAN BENITO",UNINCORPORATED,-121.47029222,36.928559929999999
90477506,2017,2017-06-14,9725,2017-06-11,2000,021660,,7,2,9,3500,0,1,2,,1,056,"US-101 S/B",SR-156,200.00,S,N,A,-,Y,,,101,,,,,,S,Y,3,0,1,1,A,-,08,22107,,N,F,A,A,A,H,-,B,D,0,,,,,Y,Y,A,07,0,1,0,0,0,0,0,0,0,"- ","- ",36.86195,-121.58119000000001,"SAN BENITO",UNINCORPORATED,-121.58115959,36.861780750000001
90477856,2017,2017-06-14,9725,2017-06-09,1420,021665,,5,2,9,3500,0,1,3,,2,053,"SR-156 W/B",US-101,2112.00,E,N,A,-,Y,,,156,,,,,,W,Y,3,0,2,2,A,-,03,22350,,N,E,I,A,A,H,-,A,D,0,,,,Y,Y,,A,07,0,2,0,0,0,0,0,0,0,"- ","- ",36.858350000000002,-121.57433,"SAN BENITO",UNINCORPORATED,-121.57432673,36.858353880000003
90478817,2017,2017-06-15,9725,2017-06-08,1501,018473,,4,2,9,3500,0,1,3,,1,054,"SR-25 S/B",SR-156,275.00,N,N,B,-,Y,,,25,,,,,,S,Y,4,0,3,2,A,-,17,21658,,N,B,C,A,A,H,-,A,D,0,,,,,Y,,A,07,0,0,3,0,0,0,0,0,0,"- ","- ",36.896419999999999,-121.42822,"SAN BENITO",UNINCORPORATED,-121.42818653,36.896452359999998
90480351,2017,2017-06-19,9725,2017-06-09,1740,021665,,5,2,9,3500,0,1,2,,1,056,"US-101 N/B","ROCKS RD",0.00,,Y,A,-,Y,,,101,,,,,,N,Y,3,0,1,2,A,-,09,21804,A,N,D,C,A,A,H,-,A,D,0,,,,,Y,,D,22,0,1,0,0,0,0,0,0,0,"- ","- ",36.859389999999998,-121.60392,"SAN BENITO",UNINCORPORATED,-121.60389841999999,36.85957844
90489258,2017,2017-06-28,9725,2017-06-20,1140,019217,,2,1,9,3500,0,1,2,,1,056,"US-101 N/B",SR-129,400.00,S,N,A,-,Y,,,101,,,,,,N,Y,4,0,2,3,A,-,03,22350,,N,C,C,A,A,D,-,A,D,0,,,,,Y,,D,22,0,0,2,0,0,0,0,0,0,"- ","- ",36.881540000000001,-121.56202,"SAN BENITO",UNINCORPORATED,-121.5620339,36.8815484
90495010,2017,2017-10-25,9725,2017-07-01,1140,018473,,6,1,9,3500,0,2,4,,1,052,"FAIRVIEW RD.","AQUISTAPACE RD.",97.00,N,N,A,-,N,,,,,,,,,,Y,1,1,2,2,A,-,01,23152,A,N,A,C,A,A,H,-,A,D,0,,,,,Y,Y,D,22,1,0,1,0,0,0,0,0,0,"- ","- ",36.920720000000003,-121.37227,"SAN BENITO",UNINCORPORATED,-121.37206024,36.920579310000001
90497956,2017,2017-07-11,9725,2017-07-03,1900,021785,,1,2,9,3500,0,3,5,,2,007,"CIENEGA EXTENSION","CIENEGA RD",26.00,N,N,A,-,N,,,,,,,,,,Y,4,0,1,2,A,-,03,22350,,N,C,C,A,A,H,-,A,D,0,,,,,Y,,A,01,0,0,1,0,0,0,0,0,0,"- ","- ",36.820630000000001,-121.39881,"SAN BENITO",UNINCORPORATED,-121.41205071,36.76850701
90519471,2017,2017-08-09,9725,2017-08-05,1429,019887,,6,2,9,3500,0,3,5,,2,007,"SOUTHSIDE RD","BOLADO RD",1290.00,W,N,A,-,N,,,,,,,,,,N,4,0,1,1,A,-,08,22107,,N,F,A,A,A,H,-,A,D,0,,,Y,,Y,,C,02,0,0,1,0,0,0,0,0,1,"- ","- ",36.787849999999999,-121.32916,"SAN BENITO",UNINCORPORATED,-121.32895781000001,36.787909259999999
90527933,2017,2017-08-22,9725,2017-08-13,0830,019331,,7,1,9,3500,0,1,3,,2,053,SR-156,"HUDNER OVERCROSSING",40.00,E,N,A,-,Y,,,156,,,,,,,Y,4,0,1,2,A,-,05,21460,A,M,E,I,A,A,H,-,A,D,0,,,,,Y,,-,99,0,0,1,0,0,0,0,0,0,"- ","- ",36.882350000000002,-121.43104,"SAN BENITO",UNINCORPORATED,-121.43111270999999,36.882381180000003
90536959,2017,2017-08-30,9725,2017-08-24,0805,021785,,4,1,9,3500,0,1,3,,1,054,"SR-25 N/B","SHORE ROAD",1080.00,S,N,A,-,Y,,,25,,,,,,N,Y,4,0,1,3,A,-,03,22350,,N,C,C,A,A,H,-,A,D,0,,,,,Y,,A,01,0,0,1,0,0,0,0,0,0,"- ","- ",36.930259999999997,-121.47381,"SAN BENITO",UNINCORPORATED,-121.47385518999999,36.930165619999997
90552710,2017,2017-09-21,9725,2017-09-14,0550,017089,,4,3,9,3500,0,1,3,,2,053,"SR-156 W/B","MONTEREY STREET",630.00,W,N,B,C,Y,,,156,,,,,,W,N,3,0,3,1,A,-,03,22350,,N,E,I,A,B,H,-,D,D,0,,,,,Y,,A,01,0,1,2,0,0,0,0,0,0,"- ","- ",36.845700000000001,-121.54705,"SAN BENITO",UNINCORPORATED,-121.54703386,36.845731010000002
90557106,2017,2017-09-27,9725,2017-09-15,1040,014585,,5,1,9,3500,0,1,3,,1,051,"SR-25 S/B","TRES PINOS CREEK BRIDGE",1056.00,S,N,A,-,Y,,,25,,,,,,S,Y,3,0,1,1,A,-,08,22107,,N,E,I,A,A,H,-,A,D,0,,,,,Y,,D,22,0,1,0,0,0,0,0,0,0,"- ","- ",36.75667,-121.29537000000001,"SAN BENITO",UNINCORPORATED,-121.29534984,36.756681669999999
90557747,2017,2017-09-28,9725,2017-09-17,0515,021785,,7,3,9,3500,0,1,2,,1,056,"US-101 S/B FROM SR-156 W/B","MERRILL RD",338.00,S,N,A,-,Y,,,101,,,,R,,S,Y,4,0,1,1,A,-,01,23152,A,N,E,I,A,A,H,-,D,D,0,,,,,Y,Y,A,07,0,0,1,0,0,0,0,0,0,"- ","- ",36.86168,-121.58337,"SAN BENITO",UNINCORPORATED,-121.58337,36.86168
90576953,2017,2017-10-24,9725,2017-10-09,1810,020120,,1,2,9,3500,0,1,3,,2,055,"SR-156 E/B","FAIRVIEW RD.",1584.00,E,N,A,-,Y,,,156,,,,,,E,Y,3,0,1,2,A,-,03,22350,,N,C,C,A,A,H,-,A,D,0,,,,,Y,,A,01,0,1,0,0,0,0,0,0,0,"- ","- ",36.937640000000002,-121.38692,"SAN BENITO",UNINCORPORATED,-121.38684463,36.937618030000003
90578480,2017,2017-10-25,9725,2017-10-20,0630,021798,,5,1,9,3500,0,1,2,,1,056,"US-101 S/B","CANNON RD",1462.00,S,N,A,-,Y,,,101,,,,,,S,Y,2,0,1,1,A,-,03,22350,,N,E,I,A,A,H,-,C,A,0,,,,,Y,,A,01,1,0,0,0,0,0,0,0,0,"- ","- ",36.860950000000003,-121.61032,"SAN BENITO",UNINCORPORATED,-121.61027627,36.86102005
90582284,2017,2017-10-30,9725,2017-10-24,1215,014585,,2,1,9,3500,0,1,3,,2,053,SR-156,"FLINT RD.",1584.00,E,N,A,-,Y,,,156,,,,,,,Y,3,0,2,3,A,-,05,21460,A,N,D,C,A,A,H,-,A,D,0,,,,,Y,,A,01,0,1,1,0,0,0,0,0,0,"- ","- ",36.841729999999998,-121.46378,"SAN BENITO",UNINCORPORATED,-121.46377984999999,36.841717770000002
90604607,2017,2017-11-29,9725,2017-10-15,0925,019217,,7,1,9,3500,0,2,4,,1,052,"FAIRVIEW ROAD","ROSA MORADA RD",2640.00,S,N,A,-,N,,,,,,,,,,Y,1,1,0,1,A,-,08,22107,,N,E,I,A,A,H,-,A,D,0,,,,,Y,,A,07,0,0,0,0,0,0,0,0,0,"- ","- ",36.88541,-121.36362,"SAN BENITO",UNINCORPORATED,-121.36367,36.886548130000001
9060821,2019,2020-07-24,3501,2019-12-28,1759,01493,3501,6,5,4,3501,0,0,0,,0,GRA,"MERIDIAN ST","MCCRAY ST",252.00,E,N,-,-,N,,,,,,,,,,Y,4,0,2,4,A,-,09,21801,A,N,D,C,A,-,-,-,-,D,0,,,,,Y,,-,"- ",0,0,2,0,0,0,0,0,0,"- ","- ",,,"SAN BENITO",HOLLISTER,-121.39813232421875,36.852363586425781
90609698,2017,2017-12-04,9725,2017-11-26,0710,018473,,7,1,9,3500,0,1,3,,2,055,"SR-156 W/B","BUENA VISTA RD.",3696.00,E,N,B,-,Y,,,156,,,,,,W,Y,3,0,3,2,A,-,08,22107,,N,E,I,A,A,H,-,B,D,0,,,,,Y,,A,01,0,3,0,0,0,0,0,0,0,"- ","- ",36.873730000000002,-121.44051,"SAN BENITO",UNINCORPORATED,-121.44046622,36.87369631
90610982,2017,2017-12-06,9725,2017-12-04,1050,014585,,1,1,9,3500,0,1,3,,1,054,"SR-25 S/B","HUDNER LN.",1056.00,S,N,A,-,Y,,,25,,,,,,S,Y,4,0,1,2,A,-,03,22350,,N,C,C,A,A,H,-,A,D,0,,,,,Y,,A,07,0,0,1,0,0,0,0,0,0,"- ","- ",36.904519999999998,-121.43594,"SAN BENITO",UNINCORPORATED,-121.43601760999999,36.90444402
90626389,2017,2017-12-26,9725,2017-12-25,1627,021618,,1,2,9,3500,0,1,3,,2,053,SR-156,"MCCONNELL RD",2587.00,W,N,A,-,Y,,,156,,,,,,,Y,3,0,3,1,A,-,08,22107,,N,E,I,A,A,H,-,A,D,0,,,,,Y,,A,01,0,3,0,0,0,0,0,0,0,"- ","- ",36.885300000000001,-121.43016,"SAN BENITO",UNINCORPORATED,-121.43017651,36.885304599999998
90630642,2017,2018-01-02,9725,2017-12-27,1730,021202,,3,2,9,3500,0,1,2,,1,056,"US-101 S/B","ANZAR RD",1730.00,S,N,A,-,Y,,,101,,,,,,S,Y,4,0,1,2,A,-,03,22350,,N,C,C,A,A,H,-,D,D,0,,,,,Y,,A,07,0,0,1,0,0,0,0,0,0,"- ","- ",36.871839999999999,-121.57196,"SAN BENITO",UNINCORPORATED,-121.57202775,36.871863779999998